id,domain,status,purchase_price,renewal_price,attractiveness,demand,length,registrar,created_at,expires_at,status_verified_at
f8fbcad2-f4e6-4cbf-873a-177898a67f76,arietta.christmas,available,34.99,34.99,medium,low,7,namesilo,,,20/09/2026 05:25
f8c24362-2c4c-4b97-8723-5648f64a55fd,beguine.christmas,available,1.8,49.98,medium,low,7,namecheap,,,23/09/2026 02:59
ae3648fc-1d5d-4c5b-9dd5-c5b4a2aa99d5,amenra.christmas,available,1.8,49.98,medium,low,7,namecheap,,,18/09/2026 18:32
8cad0751-9258-4cd7-ba63-01ca7a6e0e46,pls.christmas,available,34.99,34.99,high,low,3,namesilo,,,
a0aa4bb6-61b2-40a5-837d-9e4d5834c2ed,kiosks.christmas,available,1.24,31.16,medium,low,6,spaceship,,,02/10/2026 03:27
5fc06277-e60f-4d76-9680-9a7e7e5e7823,moldable.christmas,available,1.8,49.98,medium,low,8,namecheap,,,25/08/2026 03:42
20ffa61b-0f5e-4d9a-a70f-e636d7ef05d5,catenulate.christmas,available,1.8,49.98,medium,low,10,namecheap,,,11/08/2026 21:32
8fca0da3-4b57-4a7a-bae1-78c42fddcd07,allocation.christmas,available,34.99,34.99,high,low,10,namesilo,,,18/09/2026 11:47
b84dee6d-0274-4654-bd3a-8fba5e6c4faf,dipped.christmas,available,1.8,49.98,medium,low,6,namecheap,,,14/08/2026 08:30
057052b6-fce0-4602-baaa-e585f044bb55,enclosure.christmas,available,34.99,34.99,high,low,9,namesilo,,,30/09/2026 09:32
3d353bcb-f988-49f8-b081-289b5f58b6de,ponds.christmas,available,34.99,34.99,medium,low,5,namesilo,,,18/09/2026 22:37
8ae29c7a-0601-4b29-81de-4c83dfdef515,shorted.christmas,available,34.99,34.99,medium,low,7,namesilo,,,20/09/2026 16:13
07bde7ab-ee9f-446a-b505-8c96d9f5cc00,deception.christmas,available,34.99,34.99,high,low,9,namesilo,,,24/09/2026 17:22
504eeeae-56f1-4adb-944a-55163a1a40ae,arrowhead.christmas,available,34.99,34.99,high,low,9,namesilo,,,20/09/2026 09:30
eb84d8fd-b915-472b-847d-84d158ca6332,classified.christmas,available,34.99,34.99,high,low,10,namesilo,,,19/09/2026 14:44
928fa16c-33c3-4dae-9ae3-b20f58a196e0,monoxide.christmas,available,31.41,31.41,high,low,8,porkbun,,,01/10/2026 20:41
60cb9d61-456e-4bce-a2c1-e88f32d456f5,phonograph.christmas,available,30.2,30.2,high,low,10,cloudflare,,,02/10/2026 16:22
4c0a327c-bd27-4486-a594-e8a8d1f8dc98,kenwood.christmas,available,1.24,31.16,high,medium,7,spaceship,,,02/10/2026 20:54
eeca57fa-dea9-41e1-a2d8-26086a5efb90,bema.christmas,available,1.8,49.98,high,low,4,namecheap,,,23/09/2026 07:15
03305a54-53d5-4bef-87ba-9c7fdb619aa0,mosquitoes.christmas,available,1.8,49.98,low,low,10,namecheap,,,18/09/2026 14:22
c14efd36-ab18-4bd1-9fe0-a6f494068e25,nagano.christmas,available,1.24,31.16,medium,low,6,spaceship,,,30/09/2026 18:06
2e66e0ad-7564-419d-b9b2-bd91b27a4cf2,siblings.christmas,available,34.99,34.99,medium,low,8,namesilo,,,29/09/2026 10:27
16c4e647-cad9-41f6-a90d-4f72cbcd41bd,abe.christmas,available,34.99,34.99,high,low,3,namesilo,,,25/09/2026 11:28
baba37f1-5f00-48d9-b505-12bb87a1d51f,carnegie.christmas,available,34.99,34.99,high,low,8,namesilo,,,19/09/2026 04:42
5de1375b-27bd-4db9-85f7-7ecbeb6b3dcf,lucknow.christmas,available,34.99,34.99,medium,low,7,namesilo,,,28/09/2026 19:45
a1c5e36a-a634-42be-95fa-e0825e15ecd1,texture.christmas,available,1.24,31.16,high,low,7,spaceship,,,28/09/2026 20:37
7948a66e-c94e-4885-a28d-b054f6154814,basso.christmas,available,34.99,34.99,medium,low,5,namesilo,,,22/09/2026 11:59
bdc21316-1766-477b-8d30-f8576f745a17,analyzer.christmas,available,1.8,49.98,high,low,8,namecheap,,,19/09/2026 01:55
c8963578-16fd-48e4-822d-80b11e4f291e,sympathize.christmas,available,1.24,31.16,high,low,10,spaceship,,,30/09/2026 17:27
6d183313-42cb-498a-9702-c249355c5c1a,trance.christmas,available,1.24,31.16,high,low,6,spaceship,,,28/09/2026 13:44
6481945c-d7f5-428e-b47d-53abc1914e6a,pseud.christmas,available,1.8,49.98,medium,low,5,namecheap,,,09/09/2026 05:04
72f02343-51a3-4532-b054-ffb039a38116,return.christmas,available,34.99,34.99,high,low,6,namesilo,,,19/09/2026 03:27
a47f201a-a918-48f1-b913-bda1a86ca0ac,garrison.christmas,available,1.24,31.16,high,low,8,spaceship,,,30/09/2026 09:43
60feeb1c-50db-4c80-8ffa-2e92d5a55a4c,famous.christmas,available,34.99,34.99,high,low,6,namesilo,,,23/09/2026 13:15
7638f99e-be0f-4da1-8bf8-fec8930348f2,bolingbroke.christmas,available,30.2,30.2,medium,low,11,cloudflare,,,02/10/2026 20:26
137069dd-21c8-4720-b425-8525be7f6114,traffic.christmas,available,34.99,34.99,high,low,7,namesilo,,,29/09/2026 13:24
cad50ec0-7345-4289-92f0-d2e0f0d0c81c,superman.christmas,available,1.24,31.16,high,low,8,spaceship,,,29/09/2026 00:15
bdacdc79-59b8-4b01-b60b-70532154ae26,admonition.christmas,available,34.99,34.99,medium,low,10,namesilo,,,17/09/2026 09:03
0e9c8b7f-f84c-4fe8-8a8e-c21158b7bebe,underclass.christmas,available,1.8,49.98,medium,low,10,namecheap,,,12/09/2026 07:22
130750eb-d086-45c1-bd5b-3fcd6f818c85,valuator.christmas,available,34.99,34.99,medium,low,8,namesilo,,,19/09/2026 22:13
75cf7839-fb82-4fd8-afd0-dd997df65557,alcoholics.christmas,available,1.8,49.98,low,low,10,namecheap,,,18/09/2026 22:27
d1061c11-385f-4bfb-9da2-d1bc9ad4e70e,gunshot.christmas,available,30.2,30.2,medium,low,7,cloudflare,,,28/09/2026 05:55
a6d382b1-30ab-4e4e-92b5-680a61cc0778,sigmoid.christmas,available,1.8,49.98,high,medium,7,namecheap,,,10/09/2026 07:58
51e4b774-c0e4-4570-ac33-424d707347c0,ruggles.christmas,available,1.24,31.16,medium,low,7,spaceship,,,01/10/2026 10:32
a027c7f8-e060-4b83-ba84-d721bf9e3150,erfurt.christmas,available,1.24,31.16,high,low,6,spaceship,,,30/09/2026 13:16
e348dbe4-1ce6-4ec5-b15a-0122f7530438,melodic.christmas,available,1.8,49.98,high,low,7,namecheap,,,24/08/2026 19:41
4a589633-fd62-4703-8eac-d1133ae3aa19,alumna.christmas,available,1.8,49.98,high,low,6,namecheap,,,20/08/2026 17:44
37badfa1-f166-41c6-a0bb-266ef3423989,polyploid.christmas,available,1.8,49.98,medium,low,9,namecheap,,,08/09/2026 23:29
8cd0f6b1-6656-4c2c-ae34-10d780af8e22,glances.christmas,available,34.99,34.99,medium,low,7,namesilo,,,18/09/2026 02:11
bd341f5b-c2a3-4854-ab11-c5ce01b17b9b,graces.christmas,available,1.24,31.16,high,low,6,spaceship,,,02/10/2026 21:53
c0255e51-2925-488e-b277-bd90d35ee39c,seaside.christmas,available,1.24,31.16,high,low,7,spaceship,,,30/09/2026 10:48
6de3fda4-40fe-46b6-a932-34ead3354bbb,pitches.christmas,available,30.2,30.2,medium,low,7,cloudflare,,,30/09/2026 14:41
9847a785-a191-4eff-bf56-301b5119948c,arrows.christmas,available,34.99,34.99,medium,low,6,namesilo,,,17/09/2026 06:24
9ecac82a-82c9-4b4a-bf90-c5bbd6d3200a,texts.christmas,available,34.99,34.99,medium,low,5,namesilo,,,18/09/2026 23:56
4fe2f2c7-f036-49bd-bb32-97e238748a8d,snapshot.christmas,available,30.2,30.2,high,low,8,cloudflare,,,02/10/2026 06:26
25745ad0-1d10-4667-82ef-d3fb7740c7ee,attest.christmas,available,1.8,49.98,high,low,6,namecheap,,,24/08/2026 15:02
43bc8c2f-355f-4891-a586-31f0a3378bad,paz.christmas,available,34.99,34.99,high,low,3,namesilo,,,25/09/2026 14:05
2abffd71-6757-4ce2-aed6-d433f388a512,allmouth.christmas,available,34.99,34.99,medium,low,8,namesilo,,,18/09/2026 11:45
17727d25-e85c-4a56-981a-f8979a1a98f3,stay.christmas,available,34.99,34.99,high,low,4,namesilo,,,24/09/2026 23:21
457cdea0-151f-44f7-92e7-fe5cec4b3e40,funnily.christmas,available,1.8,49.98,medium,low,7,namecheap,,,14/09/2026 20:40
121c753f-3cbe-45ba-9ba7-c2ab42e2b139,armenian.christmas,available,1.8,49.98,high,low,8,namecheap,,,06/08/2026 19:39
75137cbc-3d2d-4ee6-88e2-44f02587b9ec,simons.christmas,available,34.99,34.99,high,low,6,namesilo,,,27/09/2026 20:33
a411aafb-aee1-4a0f-8485-3dced113b191,ito.christmas,available,1.24,31.16,medium,low,3,spaceship,,,28/09/2026 08:05
57057425-b22c-4d29-acfa-3c72dd8c6306,bovine.christmas,available,1.8,49.98,high,medium,6,namecheap,,,10/08/2026 22:51
ac40ab70-9662-4e40-a8a8-92235e939ef0,tbi.christmas,available,30.2,30.2,high,low,3,cloudflare,,,02/10/2026 18:59
a806385a-b002-41a3-b5c2-2a2098ecf054,kweek.christmas,available,1.8,49.98,medium,low,5,namecheap,,,21/09/2026 18:35
01283b24-53f5-4db1-ab15-3c2934817a5a,internally.christmas,available,1.8,49.98,medium,low,10,namecheap,,,15/09/2026 09:01
1aae816f-d174-4b47-b399-e594d1578a5b,excess.christmas,available,1.8,49.98,high,low,6,namecheap,,,17/08/2026 16:06
e6021509-6f8f-42e6-a6d5-a58f91e33714,karlsruhe.christmas,available,1.24,31.16,medium,low,9,spaceship,,,28/09/2026 12:19
6f5e4f3d-0986-43f8-a7ee-7fa778b72f35,hobbs.christmas,available,1.8,49.98,high,low,5,namecheap,,,27/09/2026 04:26
d96f80ff-fdad-48a4-bb01-62adb11b7611,untracked.christmas,available,1.8,49.98,medium,low,9,namecheap,,,08/09/2026 10:31
389fad97-f0b9-4fdb-9796-049b5602f54b,iterative.christmas,available,1.8,49.98,high,low,9,namecheap,,,22/08/2026 11:39
a77e7861-382f-4856-84ae-fbb58084f997,leech.christmas,available,34.99,34.99,medium,low,5,namesilo,,,24/09/2026 06:16
65a60741-5c84-499f-8cdc-2436146ae6b7,graduate.christmas,available,1.8,49.98,high,low,8,namecheap,,,20/08/2026 17:51
89470a9b-5197-4ca4-9804-101ef1a1294c,occupier.christmas,available,1.8,49.98,high,low,8,namecheap,,,09/09/2026 14:58
73f80ae0-5987-4218-8166-ece2698f76e8,pickled.christmas,available,1.8,49.98,high,medium,7,namecheap,,,08/09/2026 19:30
f1a77cc0-d9fa-46fe-8f0e-af67d45ca393,snippet.christmas,available,1.24,31.16,high,low,7,spaceship,,,30/09/2026 11:22
0361697a-316a-4210-b198-8955c5251fe4,bezel.christmas,available,34.99,34.99,medium,low,5,namesilo,,,23/09/2026 12:19
ec82d219-450b-4136-af67-41181f17634e,frosted.christmas,available,1.8,49.98,high,low,7,namecheap,,,18/08/2026 16:22
0e5f9211-0549-4394-8c01-b9d383d10568,guanajuato.christmas,available,34.99,34.99,high,low,10,namesilo,,,01/10/2026 09:14
e0c1e2c7-44d0-4a65-bbe5-68baa299de65,blacktop.christmas,available,34.99,34.99,medium,low,8,namesilo,,,24/09/2026 03:24
1e0d2eff-8a67-4b52-89cc-9fd0e782211b,abatis.christmas,available,1.8,49.98,medium,low,6,namecheap,,,16/09/2026 14:12
657fc37d-5588-471a-ad85-b183da75e04e,tastefully.christmas,available,34.99,34.99,medium,low,10,namesilo,,,16/09/2026 07:59
b8f14263-7d2c-4d86-b63a-3e8647a73d51,relation.christmas,available,1.24,31.16,high,low,8,spaceship,,,27/09/2026 11:47
b5a58464-3721-4b62-a3fb-58c76832d676,agleam.christmas,available,1.8,49.98,medium,low,6,namecheap,,,
8308ec92-55b2-4919-bd2a-50249c87c9e6,earthworks.christmas,available,1.24,31.16,medium,low,10,spaceship,,,29/09/2026 17:50
52c40860-f578-4048-bcf5-59af3cd672b6,shanahan.christmas,available,1.24,31.16,medium,low,8,spaceship,,,02/10/2026 12:38
668eeb50-67fd-47ce-a9e5-fb834fbb9806,peet.christmas,available,31.41,31.41,medium,low,4,porkbun,,,03/10/2026 03:09
38f77678-7e8c-437e-b1e2-3b64b7f4e1d9,commend.christmas,available,1.24,31.16,high,low,7,spaceship,,,30/09/2026 17:25
597a9306-0d02-4780-b290-9071997ecfe5,avoided.christmas,available,1.24,31.16,low,low,7,spaceship,,,29/09/2026 05:05
bf5f1082-8433-43cc-bc81-f8fe1edbf235,internal.christmas,available,34.99,34.99,high,low,8,namesilo,,,25/09/2026 09:40
e9602020-8e72-4a6a-ae33-3f0fbb8d71f9,interpreted.christmas,available,1.8,49.98,high,low,11,namecheap,,,30/09/2026 06:10
b5d38a77-9395-4693-b362-59b9e0a0e3c7,valuable.christmas,available,1.8,49.98,high,low,8,namecheap,,,28/09/2026 10:06
a154a72f-9ff0-4a11-b8e1-6820fb3632d3,frown.christmas,available,34.99,34.99,high,low,5,namesilo,,,02/10/2026 04:58
3f4ebb03-726a-4d5b-8efe-85bb8d43d4a4,spunky.christmas,available,1.8,49.98,high,low,6,namecheap,,,18/08/2026 00:49
e1ba735a-c44d-45e5-9a0f-280cde3db8d7,unobvious.christmas,available,1.8,49.98,medium,low,9,namecheap,,,12/09/2026 16:07
6fb96eb7-c953-49de-afac-6d55a501a9d5,annulet.christmas,available,34.99,34.99,medium,low,7,namesilo,,,19/09/2026 10:59
326ebb1d-8da7-4630-a281-a99ec4721b24,decisively.christmas,available,1.8,49.98,medium,low,10,namecheap,,,14/09/2026 11:10
8ccf8d75-dd25-4eb4-8826-724103184b0b,weighted.christmas,available,1.8,49.98,high,low,8,namecheap,,,13/09/2026 10:08
917960ea-1dc2-46b7-8c3f-3d78fc98da19,stiles.christmas,available,34.99,34.99,medium,low,6,namesilo,,,30/09/2026 13:36
1613fee5-1d2f-4c97-a624-5ccae8f089b2,thermic.christmas,available,1.8,49.98,medium,low,7,namecheap,,,11/08/2026 15:05
921cb9db-94a1-4b6e-b21a-dfc5c9432043,amberjack.christmas,available,1.8,49.98,medium,low,9,namecheap,,,18/09/2026 16:35
727464d9-ef52-49ae-b87b-086b5cc68ad9,quilted.christmas,available,1.8,49.98,medium,low,7,namecheap,,,09/09/2026 08:58
dfd12310-dd9e-4b96-896d-c711646dfc2e,orchestral.christmas,available,1.8,49.98,high,low,10,namecheap,,,04/09/2026 17:42
f69b56b0-66df-436e-9c41-e0aa81729b72,evanston.christmas,available,34.99,34.99,medium,low,8,namesilo,,,28/09/2026 08:11
08f3a745-d7a3-4711-b225-8564295b3cb0,robots.christmas,available,30.2,30.2,high,medium,6,cloudflare,,,02/10/2026 14:01
8f1b4a61-d51d-480f-ab9e-4f95733f179e,risking.christmas,available,34.99,34.99,high,low,7,namesilo,,,30/09/2026 04:11
ef98680b-3755-45eb-a1fe-1c3725e152b5,casualty.christmas,available,1.24,31.16,medium,low,8,spaceship,,,28/09/2026 18:35
c022e927-87c2-4e91-aa23-97bffb2fa9eb,hearth.christmas,available,34.99,34.99,high,low,6,namesilo,,,02/10/2026 04:52
422397c5-d82b-4ac5-9c4c-9e972cd32c77,trembling.christmas,available,1.8,49.98,high,medium,9,namecheap,,,10/09/2026 06:41
0d5efaa5-ebbf-4a9f-bd6b-4530275180f7,everest.christmas,available,1.24,31.16,high,low,7,spaceship,,,01/10/2026 01:59
82a8fb00-4a7e-4bb3-b4eb-53336b36b5f5,cheating.christmas,available,1.8,49.98,medium,low,8,namecheap,,,12/08/2026 03:32
52ffb21d-4337-4226-96ce-7062769b3fcf,squandered.christmas,available,1.8,49.98,medium,low,10,namecheap,,,10/09/2026 17:24
627e8b55-7de3-46a2-aa8a-ad89db8b3f98,informed.christmas,available,34.99,34.99,high,low,8,namesilo,,,25/09/2026 09:34
b595bd7d-ef1d-4dcc-8f2b-2a70730901f9,soles.christmas,available,1.8,49.98,medium,low,5,namecheap,,,02/10/2026 22:40
f5e99bfc-9381-4ad7-9c16-95c6d985c922,antics.christmas,available,30.2,30.2,medium,low,6,cloudflare,,,02/10/2026 12:58
97380699-5829-4d0e-9a9f-a60b1f958838,bergen.christmas,available,1.8,49.98,high,low,6,namecheap,,,23/09/2026 09:19
4db30506-ef94-4858-9d3c-06b3b079ff08,digger.christmas,available,32.32,32.32,high,low,6,dynadot,,,29/09/2026 06:38
3f5fe275-dd73-4321-a540-d70fdbf04d85,replay.christmas,available,34.99,34.99,high,low,6,namesilo,,,17/09/2026 05:07
2aa9a9fb-d81b-4217-bc1e-539edcae15af,precious.christmas,available,1.8,49.98,high,low,8,namecheap,,,12/08/2026 04:19
accfd56c-4ee0-4990-8302-2a8eb246a3c5,zombi.christmas,available,34.99,34.99,medium,low,5,namesilo,,,21/09/2026 07:04
331d2202-bdfa-45fe-b02b-706586c38c98,psp.christmas,available,1.24,31.16,high,low,3,spaceship,,,30/09/2026 04:37
9c8677cb-ad39-4ba2-a16e-4171ea47ad42,laputan.christmas,available,1.8,49.98,medium,low,7,namecheap,,,22/08/2026 19:49
7fe4239b-d77b-427b-8e34-61f38639201e,peppermint.christmas,available,1.24,31.16,high,low,10,spaceship,,,01/10/2026 01:57
7b5b81b9-b534-4c36-a440-ed597397ac95,infernal.christmas,available,1.8,49.98,high,low,8,namecheap,,,10/08/2026 12:50
fb266cf9-4bb4-4d47-a04f-15416df3d718,krubi.christmas,available,34.99,34.99,medium,low,5,namesilo,,,18/09/2026 22:48
2e9d7132-3a0b-4e08-92cf-acb8eb61573f,woozy.christmas,available,1.8,49.98,medium,low,5,namecheap,,,14/08/2026 14:06
c46f1517-67e6-43f9-8cf4-901c5f02a1e5,manufacturing.christmas,available,30.2,30.2,high,low,13,cloudflare,,,01/10/2026 02:43
c865a43a-8165-49aa-a7bd-5ac3e3d30800,safer.christmas,available,34.99,34.99,medium,low,5,namesilo,,,27/09/2026 03:09
58addb45-b6f8-43c0-acc2-c145bc5d93af,lucullan.christmas,available,1.8,49.98,high,low,8,namecheap,,,24/08/2026 11:00
c3e8d009-17c0-472d-97f7-6481a603e201,stubborn.christmas,available,1.8,49.98,high,low,8,namecheap,,,25/09/2026 23:51
b8d8fa93-1c12-42e6-8b35-92fbb8f50d03,squanderer.christmas,available,1.8,49.98,medium,low,10,namecheap,,,09/09/2026 02:39
23d92f46-69ec-4188-8bdb-9aae53be2fe8,retiring.christmas,available,1.24,31.16,high,low,8,spaceship,,,27/09/2026 13:20
35adf3f1-f0a4-40b1-b923-29a55ae3e9b3,losses.christmas,available,31.41,31.41,medium,low,6,porkbun,,,28/09/2026 10:16
6d45034f-3e82-455b-94ef-424634b76ae4,thinking.christmas,available,34.99,34.99,high,low,8,namesilo,,,28/09/2026 02:31
bcbbf1bd-8ea0-400d-9402-e1c0056b9f1e,spontaneous.christmas,available,1.24,31.16,high,low,11,spaceship,,,01/10/2026 03:21
76a4c48a-669c-43fe-9cfa-45c230f9820c,sleeved.christmas,available,1.8,49.98,medium,low,7,namecheap,,,10/09/2026 10:43
95b639a4-010c-4f57-91ca-3326e68b097f,chaparral.christmas,available,1.8,49.98,medium,low,9,namecheap,,,10/09/2026 00:21
5d263aa0-4f9c-46de-81e0-3b882799db6e,bartram.christmas,available,1.24,31.16,medium,low,7,spaceship,,,02/10/2026 19:58
c1acbff1-a060-4191-9164-2ecc4d1ad0e3,mechanisms.christmas,available,34.99,34.99,medium,low,10,namesilo,,,01/10/2026 16:08
ea7a13f4-c10b-423f-bb7e-a54015f4bb79,fukuoka.christmas,available,1.24,31.16,high,low,7,spaceship,,,29/09/2026 12:24
45d71305-e6fb-43e4-8cfe-b6d00c8a3ee6,ditch.christmas,available,34.99,34.99,high,low,5,namesilo,,,24/09/2026 23:15
f19b759d-aa63-4997-9ec6-83918943c806,bleat.christmas,available,1.8,49.98,medium,low,5,namecheap,,,10/08/2026 13:37
a359cb7c-48d0-4751-8051-555ab3fb92d7,alprazolam.christmas,available,34.99,34.99,medium,low,10,namesilo,,,18/09/2026 14:08
9a97f524-ff9c-4d5a-9960-77a2bb0ffa7a,brookings.christmas,available,31.41,31.41,medium,low,9,porkbun,,,28/09/2026 16:41
2e8b0763-5355-4e61-b4ab-6e63fc028d12,unrested.christmas,available,1.8,49.98,medium,low,8,namecheap,,,12/09/2026 18:02
ca355d01-e1f2-4226-b2a7-185c185d60de,batis.christmas,available,1.8,49.98,medium,low,5,namecheap,,,22/09/2026 14:03
9a3e68bf-6db5-427f-8df8-be8becc51354,mazy.christmas,available,1.8,49.98,medium,low,4,namecheap,,,22/08/2026 17:42
3c0dbdd5-dd0a-44a8-9b4a-cdab34143d7f,recognition.christmas,available,32.32,32.32,high,low,11,dynadot,,,02/10/2026 21:11
dee3e9e6-8b1f-4b60-84b0-732bcbc45245,greasewood.christmas,available,34.99,34.99,medium,low,10,namesilo,,,24/09/2026 00:46
37326a65-4a23-457e-874d-d40168e21217,exorcism.christmas,available,1.24,31.16,medium,low,8,spaceship,,,02/10/2026 04:46
aa198510-6ef8-4167-9aa9-de4f0c916517,auditory.christmas,available,34.99,34.99,high,low,8,namesilo,,,22/09/2026 12:39
afd339ef-a938-46cc-9d61-edfde9fde69f,samba.christmas,available,49.99,61.99,high,low,5,name.com,,,20/09/2026 04:00
3c2b81ed-0092-4256-bd87-4ffe4d7b69fd,tempering.christmas,available,1.8,49.98,medium,low,9,namecheap,,,11/09/2026 10:56
5675ccee-9ba5-482a-a84b-0aa5ff6cc43f,asepsis.christmas,available,1.8,49.98,medium,low,7,namecheap,,,19/09/2026 15:02
2ffc09bd-1a47-4d89-9bc0-bd178427c507,digestive.christmas,available,1.8,49.98,high,low,9,namecheap,,,24/08/2026 15:24
b8ce0929-8df2-4e26-bd0c-803a664d99ca,advised.christmas,available,1.24,31.16,high,low,7,spaceship,,,01/10/2026 02:49
c5a4cd64-04de-4f09-bf42-b755c377f3a1,mocking.christmas,available,1.8,49.98,medium,low,7,namecheap,,,14/08/2026 02:52
a5a435d0-ad57-4ff6-a3fa-51d2ae987774,kitten.christmas,available,1.24,31.16,high,low,6,spaceship,,,29/09/2026 07:25
a158a36e-666a-484b-a089-79a023cdee9a,juridical.christmas,available,1.8,49.98,medium,low,9,namecheap,,,22/08/2026 14:40
90de429f-287d-469d-b681-cd015971ba63,activeness.christmas,available,1.8,49.98,medium,low,10,namecheap,,,17/09/2026 05:11
974eea57-a1dd-4dd9-b032-0938c9a837b2,chalk.christmas,available,32.32,32.32,high,low,5,dynadot,,,28/09/2026 05:27
74000311-a1dc-4791-bebd-6d06e9d9fdb6,flipped.christmas,available,1.8,49.98,medium,low,7,namecheap,,,18/09/2026 12:06
b2f6f0f5-ed60-4c42-9cdc-caa181ef1958,kinsey.christmas,available,34.99,34.99,high,low,6,namesilo,,,18/09/2026 06:26
2d322561-f0ef-4329-b92e-191213ea7c5b,halcyon.christmas,available,1.8,49.98,high,low,7,namecheap,,,20/08/2026 22:20
e411618b-c5ba-4742-8ea8-56336ff7b1bc,wild.christmas,available,34.99,34.99,high,medium,4,namesilo,,,22/09/2026 17:18
d2e2014d-f13f-45c5-9a55-e548f2e31bb2,whimsical.christmas,available,1.8,49.98,high,low,9,namecheap,,,13/09/2026 11:24
176750af-6b17-492a-bf93-932f8496b3ff,altruism.christmas,available,1.24,31.16,high,low,8,spaceship,,,28/09/2026 20:45
524e7412-6b0f-4f5c-92d7-7557e385c0e8,overgrown.christmas,available,1.8,49.98,medium,low,9,namecheap,,,04/09/2026 20:42
a5adcee6-a900-445a-9e19-94a9cbad3a29,antares.christmas,available,34.99,34.99,medium,low,7,namesilo,,,19/09/2026 12:34
df38527a-b374-4d84-8bbd-cd80657fa432,possibly.christmas,available,1.8,49.98,medium,low,8,namecheap,,,28/09/2026 16:14
5c0160e9-f23b-4d64-bf48-72cae0829ba5,hinges.christmas,available,1.8,49.98,medium,low,6,namecheap,,,02/10/2026 03:35
dd749838-c250-4b2a-9343-f4f81fbe262e,igneous.christmas,available,1.8,49.98,medium,low,7,namecheap,,,21/08/2026 18:16
c17a72cb-b4b6-412a-b585-0724f1e28dd8,hexad.christmas,available,1.8,49.98,medium,low,5,namecheap,,,
8f2615ca-ca10-4365-acc5-7fa7e93b617c,vivacious.christmas,available,1.8,49.98,high,low,9,namecheap,,,13/09/2026 05:07
1b65d1c4-93ca-45f5-b632-693b23577665,sunnyside.christmas,available,34.99,34.99,high,low,9,namesilo,,,30/09/2026 14:04
e4f7ffb2-ea56-471c-ac37-8763e914f283,roads.christmas,available,31.41,31.41,high,low,5,porkbun,,,30/09/2026 10:19
fab592d7-e2f5-42a8-adb4-71813493f0f9,rockland.christmas,available,34.99,34.99,high,low,8,namesilo,,,28/09/2026 11:44
e85a647c-ef58-4dfc-bc19-61f8e8dc8837,barye.christmas,available,34.99,34.99,medium,low,5,namesilo,,,22/09/2026 03:48
fde9b8c3-7018-4332-81fa-29a6a621b937,cochise.christmas,available,34.99,34.99,high,low,7,namesilo,,,02/10/2026 04:24
2706a0ec-49b8-40e9-a5e0-a91a222b6036,justify.christmas,available,1.24,31.16,high,low,7,spaceship,,,28/09/2026 11:05
1ee280eb-ea9c-47b7-b695-0dc1f6c82c20,phenomenal.christmas,available,1.8,49.98,high,low,10,namecheap,,,08/09/2026 18:46
5df267cc-b6f1-4e11-859a-7cf01f2b7346,lp.christmas,premium,672.95,672.95,high,low,3,spaceship,,,30/09/2026 01:45
7f6378af-33ac-468f-8b72-bb1d4405b28f,distorted.christmas,available,1.8,49.98,medium,low,9,namecheap,,,13/08/2026 23:39
cc8e9b8d-6c43-49d1-8ddd-27ca673a2611,tunica.christmas,available,34.99,34.99,medium,low,6,namesilo,,,17/09/2026 10:35
e74c19fb-666e-463c-a91c-695348bf8d7a,reunite.christmas,available,34.99,34.99,high,low,7,namesilo,,,01/10/2026 04:25
cfbd7900-299c-46ef-8b69-3022b8967f12,regions.christmas,premium,2600,2600,high,medium,7,namecheap,,,17/09/2026 14:38
336b01fd-a8ce-4d6c-a9bc-7df2825aa491,devastating.christmas,available,30.2,30.2,medium,low,11,cloudflare,,,28/09/2026 11:24
5c685faa-2b83-43ef-b138-e157c27a2ded,sewn.christmas,available,1.8,49.98,medium,low,4,namecheap,,,10/09/2026 05:07
36914f7c-54e8-4e91-9c36-411de9d2668e,antimony.christmas,available,34.99,34.99,medium,low,8,namesilo,,,19/09/2026 14:45
38f97ce3-e7c5-4498-a248-503f69041445,hodgkin.christmas,available,34.99,34.99,medium,low,7,namesilo,,,18/09/2026 01:43
0801ed84-4b93-49c0-b543-f5a64982a095,inflexible.christmas,available,1.8,49.98,medium,low,10,namecheap,,,22/08/2026 04:32
13200f2f-e862-4a35-96c9-d12f458f4cb7,collier.christmas,available,1.24,31.16,high,low,7,spaceship,,,02/10/2026 04:24
c48904fd-af11-4781-87e6-c85dda40643e,pituitary.christmas,available,1.8,49.98,high,medium,9,namecheap,,,08/09/2026 20:08
7d0dbdb7-a381-4609-b62d-0c7752de347b,davie.christmas,available,34.99,34.99,high,low,5,namesilo,,,29/09/2026 22:14
b9b5e80b-5cbc-4ddf-8434-ebbda6c1ffe9,precedes.christmas,available,30.2,30.2,medium,low,8,cloudflare,,,02/10/2026 22:47
9f0766c2-118c-4dfc-9aff-10cced8c7a52,simpler.christmas,available,1.8,49.98,high,low,7,namecheap,,,01/10/2026 21:22
e9c600be-51d0-4b20-a5ee-8835ebf48253,matters.christmas,available,1.8,49.98,medium,low,7,namecheap,,,25/09/2026 17:05
db7d270e-1c82-4358-bf15-7604e512b10a,viviparous.christmas,available,1.8,49.98,medium,low,10,namecheap,,,24/08/2026 07:53
32edd837-38d3-4bf9-bd8f-a9c927ef1d87,tunic.christmas,available,34.99,34.99,high,low,5,namesilo,,,17/09/2026 10:34
9ed51af7-4401-419d-9936-8fe1d7321501,aotus.christmas,available,34.99,34.99,medium,low,5,namesilo,,,19/09/2026 16:05
0d7cfda5-ee05-46a7-b52d-39b43680b154,casteless.christmas,available,1.8,49.98,medium,low,9,namecheap,,,11/08/2026 20:25
fcb89dea-21e1-4019-961b-45af2ef066a5,arrivals.christmas,available,34.99,34.99,medium,low,8,namesilo,,,21/09/2026 01:02
0d50f8be-461f-4446-95b2-0cccb7212b56,aeolian.christmas,available,1.8,49.98,medium,low,7,namecheap,,,
57cd0154-a19f-4e51-afe7-79767645a48a,flag.christmas,available,34.99,34.99,high,low,4,namesilo,,,25/09/2026 00:12
c6a2025f-c626-49f7-8a51-c811a073793c,allargando.christmas,available,1.8,49.98,medium,low,10,namecheap,,,
f421d750-217e-4c0b-bfc5-e76d24f13ad5,realistic.christmas,available,1.8,49.98,high,low,9,namecheap,,,03/09/2026 13:57
10aa0080-62a8-4134-831b-1c1634a1eff9,topeka.christmas,available,1.24,31.16,high,low,6,spaceship,,,02/10/2026 04:15
a5a3433d-8c21-4801-aac8-07e1301357b9,jenner.christmas,available,30.2,30.2,medium,low,6,cloudflare,,,29/09/2026 00:45
6ba77c17-6663-48c6-9eea-914debd2c443,tears.christmas,available,34.99,34.99,high,low,5,namesilo,,,24/09/2026 02:29
eac9c964-fbf7-4ba0-a48d-eec35b498cb3,crockett.christmas,available,34.99,34.99,medium,low,8,namesilo,,,28/09/2026 01:43
7f638c93-7952-4b85-abc9-e864253f952f,feisty.christmas,available,1.8,49.98,high,low,6,namecheap,,,18/08/2026 00:45
0529cba3-8b27-420f-991e-579b384a1238,elevated.christmas,available,1.8,49.98,high,low,8,namecheap,,,16/08/2026 03:35
87c99d20-aa54-44b5-981c-b00852246001,zeke.christmas,available,34.99,34.99,medium,low,4,namesilo,,,01/10/2026 08:02
65a50e31-6a14-45e4-a96c-49552efbf6d4,bitten.christmas,available,30.2,30.2,low,low,6,cloudflare,,,29/09/2026 10:18
c1fc392b-e050-4168-a260-97c06458240f,islands.christmas,available,1.24,31.16,high,low,7,spaceship,,,02/10/2026 09:15
5d707ad3-d6a4-4961-bc77-3692c35e7ff7,barriers.christmas,available,31.41,31.41,medium,low,8,porkbun,,,30/09/2026 15:49
f49d9e1e-7477-4914-a700-b43ab253e1d1,critically.christmas,available,34.99,34.99,medium,low,10,namesilo,,,28/09/2026 14:26
b633b8ef-c5dd-462a-a798-e4db016b0848,rapper.christmas,available,1.8,49.98,high,low,6,namecheap,,,30/09/2026 09:22
94db72c4-4fe9-487f-a39c-4889a30512e9,noisome.christmas,available,1.8,49.98,medium,low,7,namecheap,,,18/08/2026 02:29
9dc45056-4e87-432e-80b3-888e51197d9c,mirish.christmas,available,34.99,34.99,medium,low,6,namesilo,,,16/09/2026 16:36
7be4d379-b3a2-45c4-97c0-fc05d3c5efbe,venom.christmas,available,31.41,31.41,high,low,5,porkbun,,,29/09/2026 07:31
0208eb22-9dbe-4f13-be73-5bd68874d175,totality.christmas,available,1.8,49.98,high,low,8,namecheap,,,
66334d06-8d19-4b61-9c03-771fe48c0e40,babes.christmas,available,34.99,34.99,high,low,5,namesilo,,,01/10/2026 16:19
bed33f8d-f704-4d22-b8e5-5cfcbfa098ab,oversexed.christmas,available,1.8,49.98,medium,low,9,namecheap,,,21/08/2026 09:17
bfc46d67-3825-41e1-a6bc-920e21dea8ab,kanaf.christmas,available,34.99,34.99,medium,low,5,namesilo,,,23/09/2026 16:56
4a58fb20-0f4e-4ef7-853c-482b5e7d40c6,mainz.christmas,available,30.2,30.2,high,low,5,cloudflare,,,28/09/2026 03:51
126c6f27-19fd-429b-b58b-5759f7cc37a6,corsican.christmas,available,1.8,49.98,high,low,8,namecheap,,,13/08/2026 02:33
c17f0f39-4406-40cb-b7e6-8603dfb18551,graduates.christmas,available,1.24,31.16,medium,low,9,spaceship,,,29/09/2026 11:39
17fea5b9-3c7b-455b-9350-d7ca8584e366,scrappy.christmas,available,1.8,49.98,high,low,7,namecheap,,,09/09/2026 23:48
e40ff3a3-b1be-409f-93e5-5809ec67bd5b,betrayed.christmas,available,34.99,34.99,medium,low,8,namesilo,,,26/09/2026 03:08
aa193f18-9680-4f81-a692-5cc6ae6288c0,ghostlike.christmas,available,1.8,49.98,medium,low,9,namecheap,,,06/08/2026 05:23
68e1b2e8-35bd-4f41-abd9-6dd56c15678e,heist.christmas,available,34.99,34.99,medium,low,5,namesilo,,,20/09/2026 06:36
42336162-ef38-4c6a-b929-e89d075fe8eb,haywire.christmas,available,1.8,49.98,medium,low,7,namecheap,,,
713b4c41-4d46-4fb4-8f4c-d7fdcb011431,profoundly.christmas,available,1.8,49.98,high,low,10,namecheap,,,14/09/2026 11:16
087b4534-44b5-4827-9097-30f489195094,nott.christmas,available,1.24,31.16,medium,low,4,spaceship,,,02/10/2026 18:46
27e946ee-3c6b-474e-97fb-fcce018f4ea1,haworth.christmas,available,1.24,31.16,medium,low,7,spaceship,,,29/09/2026 19:08
9179a31d-7a8b-452a-85b6-7ad7f670a3b8,final.christmas,available,1.24,31.16,high,low,5,spaceship,,,30/09/2026 19:09
c3f6a74d-8b44-4283-8869-ffc7a019ee0c,phlegmatic.christmas,available,1.8,49.98,medium,low,10,namecheap,,,08/09/2026 18:53
7a150c28-cc53-4a13-9105-5ce6e98e4c57,anklet.christmas,available,1.8,49.98,high,low,6,namecheap,,,19/09/2026 09:41
a9db78b1-43f6-4760-8723-a953c2366dcd,dactylic.christmas,available,49.99,61.99,medium,low,8,name.com,,,13/08/2026 15:27
366e0ba2-574e-4805-a3ff-5bd66754365e,rations.christmas,available,34.99,34.99,medium,low,7,namesilo,,,30/09/2026 06:27
18e01b6c-5a32-4090-b15b-cea512488a4f,glib.christmas,available,1.8,49.98,medium,low,4,namecheap,,,20/08/2026 14:26
d687b799-cd9f-4f3f-aeab-8fdf33d9ecc8,freehold.christmas,available,1.24,31.16,medium,low,8,spaceship,,,02/10/2026 15:19
4ba9a9af-f1d9-4d6f-98c8-bc9ff9e91e42,gaze.christmas,available,30.2,30.2,high,low,4,cloudflare,,,28/09/2026 19:17
b47e01b9-c152-448c-b8c8-50634b1f58c2,gsa.christmas,available,34.99,34.99,high,low,3,namesilo,,,29/09/2026 07:03
171c173c-ba38-4b9a-89d0-f04847a3a88a,dubbed.christmas,available,30.2,30.2,medium,low,6,cloudflare,,,30/09/2026 07:36
61caa713-c0de-48b7-af7e-03c4de5e4019,ssr.christmas,available,34.99,34.99,high,low,3,namesilo,,,25/09/2026 12:03
f8a13aaf-fb37-4e42-865a-7093c9fa612d,frankenstein.christmas,available,1.8,49.98,high,low,12,namecheap,,,28/09/2026 21:01
dc6fa6da-5416-4420-87c8-fd21c00c358a,trench.christmas,available,30.2,30.2,medium,low,6,cloudflare,,,28/09/2026 20:01
7c9e619b-9965-43de-b749-b753ff0428b8,portable.christmas,available,1.8,49.98,high,low,8,namecheap,,,27/09/2026 04:40
22248de8-5c29-4c48-8aed-5c60c05953aa,tipping.christmas,available,34.99,34.99,medium,low,7,namesilo,,,29/09/2026 23:33
8ebb6dee-5356-4eb1-8a63-1f5428572321,determining.christmas,available,34.99,34.99,medium,low,11,namesilo,,,30/09/2026 05:52
5cb66db8-4d2b-4a23-8d4d-7e2ada1d7081,applewood.christmas,available,34.99,34.99,medium,low,9,namesilo,,,19/09/2026 21:44
94eaefea-93c3-4bcf-b5fb-42568416e6e8,assayer.christmas,available,34.99,34.99,medium,low,7,namesilo,,,20/09/2026 15:59
83fd0ceb-4886-4f76-a9dc-21b98672ab18,lucid.christmas,available,1.8,49.98,high,medium,5,namecheap,,,13/08/2026 09:42
44023957-dc12-4b9d-9567-f449343151a8,guns.christmas,available,34.99,34.99,high,low,4,namesilo,,,17/09/2026 07:29
57cc110a-d5cd-47f8-9744-bd7a6cdc1081,nails.christmas,available,34.99,34.99,high,low,5,namesilo,,,
9613e05a-d11f-409f-bbec-2e144ad3905a,kitchens.christmas,available,1.24,31.16,medium,low,8,spaceship,,,02/10/2026 03:24
c43d9faa-6cae-4e2a-9cfb-88b7964608aa,mixed.christmas,available,1.8,49.98,high,low,5,namecheap,,,19/09/2026 12:23
268bd6c5-f6f7-4fa8-ad32-44d0cf7d5eff,kean.christmas,available,34.99,34.99,medium,low,4,namesilo,,,29/09/2026 00:45
4a7d4e25-64cc-4b8d-ba67-2d6ee85b6e10,mite.christmas,available,1.8,49.98,high,low,4,namecheap,,,02/10/2026 16:08
4f41b47e-75b6-434d-88b5-aa8418ce96e3,outdoors.christmas,available,34.99,34.99,high,low,8,namesilo,,,21/09/2026 23:54
7559bbb7-df93-43d7-9c3f-fcb1e8851423,loth.christmas,available,1.8,49.98,medium,low,4,namecheap,,,24/08/2026 08:19
2de7e565-cfdc-4fd4-b484-aac7631a0f13,antioxidant.christmas,available,32.32,32.32,high,low,11,dynadot,,,01/10/2026 08:00
d03a954b-3ad8-46c6-9331-b0e32607683c,blames.christmas,available,34.99,34.99,low,low,6,namesilo,,,01/10/2026 00:32
dee240d5-c5d9-4a90-8d82-bf8cd627ecf1,dday.christmas,available,34.99,34.99,high,low,5,namesilo,,,16/09/2026 12:39
b1f4f975-d3a4-4bdc-bfd6-dcb1d31b5616,gustave.christmas,available,1.24,31.16,medium,low,7,spaceship,,,28/09/2026 09:09
683b8151-9404-4dda-b66e-c47df969ecf1,syllable.christmas,available,1.24,31.16,high,low,8,spaceship,,,29/09/2026 20:27
96c16716-3b1e-4218-82f2-8ad4a648cbee,aerobic.christmas,available,1.8,49.98,high,low,7,namecheap,,,21/09/2026 21:01
f05204f6-cf70-48ec-8209-dcbd83c6d1fb,cumbria.christmas,available,30.2,30.2,medium,low,7,cloudflare,,,01/10/2026 01:39
252aaea7-9e3f-4a60-8986-2a4c7079c9d4,triple.christmas,available,1.99,64.99,high,low,6,godaddy,,,28/09/2026 02:16
6e36053e-083a-459d-904b-ef3babc1e501,midmost.christmas,available,1.8,49.98,medium,low,7,namecheap,,,24/08/2026 22:29
945afed5-566c-4398-8a36-037b52993883,diploid.christmas,available,1.8,49.98,medium,low,7,namecheap,,,14/08/2026 08:26
be322200-d6aa-4628-a613-127fe63b2872,ellen.christmas,premium,2660,2660,high,low,5,namesilo,,,02/10/2026 09:09
aabdb183-2632-49b3-839e-c4c2a91e508f,hanna.christmas,available,32.32,32.32,medium,low,5,dynadot,,,28/09/2026 07:49
05d172a7-aa12-4802-afc2-f26a4b09c897,hydropower.christmas,available,31.41,31.41,high,low,10,porkbun,,,29/09/2026 10:23
7c0f2686-1cbe-4121-94b2-e33684da85b8,axes.christmas,available,1.8,49.98,low,low,4,namecheap,,,
bece4db5-1102-4668-a905-7b20b236fefd,combine.christmas,available,30.2,30.2,high,low,7,cloudflare,,,28/09/2026 13:39
1c961dc8-eb30-43e4-b53e-701224a89db4,trichrome.christmas,available,1.8,49.98,medium,low,9,namecheap,,,11/09/2026 19:24
f74e5156-984b-4937-b32f-13851186b2f5,jules.christmas,available,34.99,34.99,high,low,5,namesilo,,,25/09/2026 15:01
3e4c75f8-b48a-4972-8ad4-a9afd3e0a955,alizarine.christmas,available,34.99,34.99,medium,low,9,namesilo,,,18/09/2026 08:13
18300679-f0ab-42c5-85b7-3e11197a30d2,unlovely.christmas,available,1.8,49.98,medium,low,8,namecheap,,,12/09/2026 15:12
1e6ee7ff-6169-4c82-ac8b-d6af42df172e,nebulous.christmas,available,1.8,49.98,medium,low,8,namecheap,,,12/08/2026 12:45
9a751cd4-4c7f-41da-9ad7-af37abdb7ad5,rashes.christmas,available,34.99,34.99,low,low,6,namesilo,,,19/09/2026 21:50
dddbdfdb-994f-40c3-b598-5f54f19d1f9e,howling.christmas,available,1.8,49.98,high,low,7,namecheap,,,21/08/2026 14:24
8749a4e3-2e46-4016-8945-6f76ed6ee598,exocentric.christmas,available,1.8,49.98,medium,low,10,namecheap,,,17/08/2026 17:21
bf345aeb-6e23-4aa6-9388-04bc28a0d87e,lachlan.christmas,available,34.99,34.99,medium,low,7,namesilo,,,02/10/2026 04:04
f39b9da4-eb94-4543-89ab-a657568ae948,himmler.christmas,available,34.99,34.99,medium,low,7,namesilo,,,29/09/2026 13:01
fc5fb884-62fe-4326-b7ed-ec6f7778a067,moreover.christmas,available,1.8,49.98,medium,low,8,namecheap,,,14/09/2026 20:44
347d5288-b598-4757-92f5-9a9f412e76d7,anaglyph.christmas,available,34.99,34.99,medium,low,8,namesilo,,,19/09/2026 01:21
3b5f3a27-da6a-4f5f-9c2b-0c7de34a85f8,blackfish.christmas,available,34.99,34.99,medium,low,9,namesilo,,,24/09/2026 01:55
6ea1905b-a913-44c1-99b3-d309db0557d4,deathbed.christmas,available,34.99,34.99,medium,low,8,namesilo,,,03/10/2026 00:26
eb52d834-8d15-4f7d-ac7b-34f4c1cae46f,blunted.christmas,available,1.8,49.98,medium,low,7,namecheap,,,10/08/2026 16:17
3a48dd01-c66f-4e2a-9a4d-3e4ced23c916,csa.christmas,available,34.99,34.99,high,low,3,namesilo,,,27/09/2026 17:26
1fb0721d-7934-4fa7-a699-dfbe6f9ea39b,inflexibly.christmas,available,1.8,49.98,medium,low,10,namecheap,,,15/09/2026 08:16
434a6513-812e-41c9-8a17-7dfb04f79955,italians.christmas,available,30.2,30.2,medium,low,8,cloudflare,,,02/10/2026 12:43
d64a9e25-1e91-41a3-aeab-0fa8463b76a3,sewell.christmas,available,34.99,34.99,medium,low,6,namesilo,,,28/09/2026 22:10
19a6b94e-5e25-4970-be79-d557be8b5b14,relationship.christmas,available,30.2,30.2,high,low,12,cloudflare,,,01/10/2026 02:58
5612a10b-969c-4b0e-bc90-9ef10716fa41,pale.christmas,available,34.99,34.99,high,low,4,namesilo,,,27/09/2026 02:35
c982598a-b133-4810-857f-6d4f70e54ac2,jeddah.christmas,available,34.99,34.99,high,low,6,namesilo,,,02/10/2026 05:29
c48afcf2-5b29-42af-a12b-bcaf3c401a73,programmer.christmas,available,1.24,31.16,high,low,10,spaceship,,,29/09/2026 06:24
714cc7ad-6cf8-4ba8-a655-98ae636a81c0,ramirez.christmas,available,34.99,34.99,medium,low,7,namesilo,,,28/09/2026 08:04
e1ce2353-a753-478d-935a-a80ba61a39c2,paulson.christmas,available,32.32,32.32,medium,low,7,dynadot,,,30/09/2026 13:15
b067ec4d-ca66-4771-84f1-a6966849d946,passionate.christmas,available,34.99,34.99,high,low,10,namesilo,,,27/09/2026 02:53
dc099084-7cf1-40cb-adcc-f8577bb392c7,elon.christmas,premium,,,high,medium,4,,,,01/10/2026 17:50
231e2859-fe32-4b64-ace3-a9eca121e998,helium.christmas,available,1.8,49.98,high,low,6,namecheap,,,20/09/2026 22:31
3d5def63-cfcb-4d10-a078-52c56a9b1338,alkeran.christmas,available,1.8,49.98,medium,low,7,namecheap,,,18/09/2026 08:31
da920f81-dba7-4786-9dd3-f394c6b34a86,azactam.christmas,available,34.99,34.99,medium,low,7,namesilo,,,21/09/2026 10:59
71764adf-45d6-458f-a067-6fa8a4b93a1a,spay.christmas,available,1.8,49.98,medium,low,4,namecheap,,,03/09/2026 16:33
393b2801-cdb1-4a6b-8ff1-032ef632a8c8,fledgling.christmas,available,1.8,49.98,medium,low,9,namecheap,,,11/08/2026 14:45
52149574-5e8c-4c9d-8cd6-f7902d817368,unprepared.christmas,available,1.8,49.98,medium,low,10,namecheap,,,12/09/2026 17:22
5c75ba07-ef47-4bf5-93b8-2f5e67bf7731,golfing.christmas,available,32.32,32.32,high,low,7,dynadot,,,03/10/2026 01:01
b7060a11-0ede-40b2-8a38-5755dbb55a84,entrancing.christmas,available,1.8,49.98,medium,low,10,namecheap,,,09/08/2026 18:23
9589b00a-19b2-4767-9a76-5d1e17636895,dissection.christmas,available,1.8,49.98,high,low,10,namecheap,,,24/09/2026 23:04
cc3c5319-9788-46fa-90e2-6478ef04be90,tramontane.christmas,available,1.8,49.98,medium,low,10,namecheap,,,11/09/2026 18:48
0425a993-b3b3-4a81-b6b6-604cacce5445,testicle.christmas,available,34.99,34.99,medium,low,8,namesilo,,,21/09/2026 22:59
c6badcac-4a57-4b9c-86ce-3d275dd65bd2,petrovich.christmas,available,1.24,31.16,medium,low,9,spaceship,,,02/10/2026 20:32
8a2a6a99-d45d-4c57-8625-d1e90a6d9a80,lester.christmas,available,34.99,34.99,high,low,6,namesilo,,,28/09/2026 05:11
e3c3695c-2203-4744-a451-e3db31f88156,fictive.christmas,available,1.8,49.98,medium,low,7,namecheap,,,07/08/2026 07:55
be40dc07-3f6a-416d-886f-2007ab6447a0,bonham.christmas,available,30.2,30.2,medium,low,6,cloudflare,,,30/09/2026 12:37
3b5b74d1-0c47-422d-9e0a-dd9ef1423426,rsc.christmas,available,30.2,30.2,high,low,3,cloudflare,,,02/10/2026 19:24
fe1969fd-1515-4095-a792-2c92a4e545b8,rebel.christmas,available,1.8,49.98,high,medium,5,namecheap,,,22/08/2026 07:47
25930114-8179-4d08-997c-97e4dafdecd1,hobson.christmas,available,1.24,31.16,medium,low,6,spaceship,,,28/09/2026 12:14
1a60b95c-c3a8-4a4b-b1a4-9cdd8933f419,mucky.christmas,available,1.8,49.98,medium,low,5,namecheap,,,10/08/2026 17:06
faffb05b-bcb8-4e59-a6ca-07d605110d19,notable.christmas,available,34.99,34.99,high,medium,7,namesilo,,,01/10/2026 15:44
d2f17791-e950-48d1-93b7-153581c5f449,adaptable.christmas,available,34.99,34.99,high,low,9,namesilo,,,21/09/2026 16:52
f81b453a-906b-457c-b39a-d7ca48f72f7b,narcotic.christmas,available,1.8,49.98,medium,low,8,namecheap,,,03/09/2026 13:12
7a292504-c502-4327-b0d1-2019b8d43762,symptoms.christmas,available,34.99,34.99,medium,low,8,namesilo,,,27/09/2026 22:08
1bed97c8-28b8-4b02-9eec-1295c2737509,kindled.christmas,available,1.8,49.98,medium,low,7,namecheap,,,17/08/2026 09:33
4b426ca8-0b90-4e95-875f-537c663b8cbf,falklands.christmas,available,34.99,34.99,medium,low,9,namesilo,,,30/09/2026 14:15
0e82b982-841b-496a-9d8f-5047c49d0d63,armeria.christmas,available,34.99,34.99,medium,low,7,namesilo,,,20/09/2026 06:43
30d841b1-72e2-4f32-9f0d-90a59674cb9f,congestion.christmas,available,34.99,34.99,high,low,10,namesilo,,,29/09/2026 10:56
8f99765f-a5a3-4372-b595-c14bfce080b7,pope.christmas,available,30.2,30.2,high,low,4,cloudflare,,,28/09/2026 20:19
1c56b392-1d6a-4af6-b4a5-550c38d61e5e,defendable.christmas,available,1.8,49.98,high,low,10,namecheap,,,13/08/2026 23:09
19a72188-6b0f-4df6-a8a1-d0d711f1e1cd,divas.christmas,available,1.8,49.98,medium,low,5,namecheap,,,20/09/2026 06:21
ba837840-138d-4472-b5bc-b5911e69e72c,clef.christmas,available,34.99,34.99,high,low,4,namesilo,,,24/09/2026 15:30
b3132b6a-70c8-4887-8f68-de104f089412,magicians.christmas,available,1.8,49.98,high,low,9,namecheap,,,20/09/2026 20:54
db880271-b6db-4e82-95b4-92ba1d8e5c62,asala.christmas,available,34.99,34.99,medium,low,5,namesilo,,,16/09/2026 12:33
4513a31c-b581-4263-abd2-f705b79053fb,scriptures.christmas,available,34.99,34.99,medium,low,10,namesilo,,,01/10/2026 17:38
6824593f-d30b-4534-8eb1-e857803700a1,squeezing.christmas,available,32.32,32.32,high,low,9,dynadot,,,30/09/2026 18:49
3589f6a7-720e-4a4f-8a69-503aa735487a,deprivation.christmas,available,34.99,34.99,medium,low,11,namesilo,,,30/09/2026 05:47
1966b0be-e5eb-485f-b524-5d2ca6cdea4c,snafu.christmas,available,1.8,49.98,medium,low,5,namecheap,,,18/08/2026 17:20
29f06d5b-4ee7-4571-ae5a-89cd7582f06b,initiative.christmas,available,34.99,34.99,high,low,10,namesilo,,,19/09/2026 04:32
b7218413-b196-4760-b750-1076e8d0e166,successive.christmas,available,1.8,49.98,high,low,10,namecheap,,,10/09/2026 04:29
1c5d5854-dc52-4843-a918-a4ebd9abf13d,brookhaven.christmas,available,30.2,30.2,medium,low,10,cloudflare,,,29/09/2026 15:45
61654453-f036-4453-bafe-22922ebc2c2e,meanwhile.christmas,available,49.99,61.99,high,low,9,name.com,,,25/09/2026 10:13
17f25be0-f7b9-40de-b6cd-1a58e6c5f7bb,mahogany.christmas,available,1.24,31.16,high,low,8,spaceship,,,01/10/2026 18:51
00c0289b-4da5-437c-a755-da4686ae9606,timur.christmas,available,1.24,31.16,medium,low,5,spaceship,,,30/09/2026 18:52
74e97907-4c0e-4f5c-97b5-809b9c98e242,remark.christmas,available,30.2,30.2,high,low,6,cloudflare,,,28/09/2026 09:26
31a244bb-1747-4149-9f45-a3a82450c7c0,theorise.christmas,available,34.99,34.99,high,low,8,namesilo,,,24/09/2026 17:20
2b5f46dd-2ddc-47c8-8852-99d8dd0fffab,rays.christmas,available,34.99,34.99,high,medium,4,namesilo,,,28/09/2026 13:03
14a079c5-7143-4d11-99cc-69e171fd4021,airburst.christmas,available,49.99,61.99,medium,low,8,name.com,,,17/09/2026 23:00
95bf14f9-4dd8-4ea3-a26f-fd28b6bdd79c,ideas.christmas,available,34.99,34.99,high,low,5,namesilo,,,
2220f43f-5e2d-478c-862c-f0748e79c771,parrish.christmas,available,34.99,34.99,medium,low,7,namesilo,,,28/09/2026 14:51
32a5415b-35dd-43f6-b143-3e6950781d65,passcode.christmas,available,34.99,34.99,high,low,8,namesilo,,,02/10/2026 03:23
b41d5f03-42fd-47fa-9d00-2930d0db3dc7,aif.christmas,available,34.99,34.99,medium,low,3,namesilo,,,02/10/2026 08:21
24b15976-8600-4ddc-b6a3-20ad9ffb8d54,considers.christmas,available,1.24,31.16,medium,low,9,spaceship,,,29/09/2026 10:45
02468324-711a-48e1-a389-aaf683785978,romansh.christmas,available,1.8,49.98,high,medium,7,namecheap,,,09/09/2026 18:31
cf9469ec-e471-46b3-ab0a-c967471e6bf1,caracas.christmas,available,1.24,31.16,high,low,7,spaceship,,,29/09/2026 07:11
1e7671a7-4b8a-464c-8343-abdce6857a48,honegger.christmas,available,34.99,34.99,high,low,8,namesilo,,,20/09/2026 10:55
473a74b5-ff4d-4892-8946-c655ccbecc5c,storeroom.christmas,available,30.2,30.2,high,low,9,cloudflare,,,03/10/2026 02:11
6dfe9ae8-47aa-40a7-93ce-37e147244526,purity.christmas,available,34.99,34.99,high,low,6,namesilo,,,28/09/2026 15:09
8fdd7e2f-ca8b-4f22-93de-144a58c3e41d,greatly.christmas,available,1.8,49.98,high,low,7,namecheap,,,28/09/2026 15:04
bdcb7abd-7231-4c2f-837b-1ca3eddfbf05,lavender.christmas,available,1.8,49.98,high,low,8,namecheap,,,22/08/2026 21:02
eee5fe5c-9704-41dc-9897-2ec759b86718,buttonlike.christmas,available,1.8,49.98,medium,low,10,namecheap,,,09/08/2026 03:39
056484bc-5e8c-451b-9b8a-e7abbfe5bef1,paradigm.christmas,available,1.8,49.98,high,low,8,namecheap,,,02/10/2026 15:00
ca20dfcf-7583-4f17-ae46-34c6360a3d17,frail.christmas,available,1.8,49.98,high,low,5,namecheap,,,18/08/2026 13:59
2b6469a0-7442-42d9-8d8b-1fb6c2a2f327,hieratic.christmas,available,1.8,49.98,medium,low,8,namecheap,,,21/08/2026 08:24
ebc2340a-c485-481a-847a-3286c8d5c922,gilt.christmas,available,1.8,49.98,high,low,4,namecheap,,,18/08/2026 23:34
3cff164a-fe82-45f4-b642-9c95f6845a41,tortuous.christmas,available,1.8,49.98,medium,low,8,namecheap,,,11/09/2026 18:01
d508eaf8-24fe-4723-ab76-d32205116705,murray.christmas,available,34.99,34.99,high,low,6,namesilo,,,25/09/2026 22:54
5576094c-700c-44ad-9134-af6764ac636a,ordnance.christmas,available,34.99,34.99,high,low,8,namesilo,,,20/09/2026 11:44
bf74055c-1ab0-4e51-a9c4-8473ac3bbcf9,roofless.christmas,available,1.8,49.98,medium,low,8,namecheap,,,14/08/2026 12:09
372a4eef-7824-4134-8352-e632c3f870c0,armful.christmas,available,34.99,34.99,medium,low,6,namesilo,,,20/09/2026 06:50
ec1cae80-a46d-456c-8f8e-c9d5a1d2a125,sentient.christmas,available,1.8,49.98,high,medium,8,namecheap,,,10/09/2026 03:52
6dc7a7c6-4391-4f85-8018-c20b18adcb4c,dehydrate.christmas,available,1.8,49.98,medium,low,9,namecheap,,,14/08/2026 03:38
bf6861aa-9c41-4d69-8b15-85ec602666a0,tasks.christmas,available,34.99,34.99,high,low,5,namesilo,,,
9832a3ef-83e6-4fc8-b32d-c0677758b5ec,understood.christmas,available,34.99,34.99,high,low,10,namesilo,,,28/09/2026 02:13
c4ab56cd-bd50-4973-9edd-2f228f329f28,coproduction.christmas,available,1.24,31.16,medium,low,13,spaceship,,,30/09/2026 14:49
1653612e-c390-496b-96ba-26bbeb67267d,sobeit.christmas,available,49.99,61.99,low,low,8,name.com,,,16/09/2026 13:51
b7805868-d656-4a9c-8235-4cff728c24be,chiefly.christmas,available,34.99,34.99,high,low,7,namesilo,,,25/09/2026 05:59
66ef9908-7bc7-4d45-8782-662e20ceca71,scholarly.christmas,available,1.8,49.98,high,low,9,namecheap,,,09/09/2026 23:11
99406430-1b6c-4bf9-8c72-5d99066e382c,bluster.christmas,available,1.8,49.98,medium,low,7,namecheap,,,11/08/2026 01:07
9dc6b795-86c4-4163-92ec-768511224ca6,triangle.christmas,available,1.24,31.16,high,low,8,spaceship,,,28/09/2026 09:33
abbac8ea-35ee-4522-b224-a4fb23d35796,texan.christmas,available,1.8,49.98,high,low,5,namecheap,,,11/09/2026 12:15
d1de5f64-418e-4142-857f-261d7179136c,wake.christmas,available,34.99,34.99,high,low,4,namesilo,,,22/09/2026 14:42
5b87fffe-a08d-46e3-88c5-0c7a454e6dac,alton.christmas,available,34.99,34.99,high,low,5,namesilo,,,27/09/2026 07:13
0a05cf9c-6d30-4844-bae0-b094d1f22c8b,stepmother.christmas,available,30.2,30.2,high,low,10,cloudflare,,,30/09/2026 11:59
df624c3e-57ca-4ec9-a3d9-0e3429265741,wakening.christmas,available,1.24,31.16,high,low,8,spaceship,,,28/09/2026 23:37
4682f9db-3c9c-411d-b813-234d7b1a95d8,fuze.christmas,available,1.24,31.16,high,low,4,spaceship,,,01/10/2026 19:40
269e7f98-7175-43ae-851d-e1b42b06cd66,stand.christmas,available,34.99,34.99,high,low,5,namesilo,,,29/09/2026 00:58
6a7ccff6-79a9-4ba6-8ce6-1a201b29385e,noticed.christmas,available,34.99,34.99,high,low,7,namesilo,,,25/09/2026 23:16
c441dfa7-58c1-49de-80b8-730d98136c2f,inspection.christmas,available,1.24,31.16,high,low,10,spaceship,,,02/10/2026 23:37
3377ab2c-4354-49db-9f53-0cd24cb025cb,barrier.christmas,available,34.99,34.99,medium,low,7,namesilo,,,29/09/2026 01:15
eae60721-e986-4d3e-906c-24392e0207cb,seduction.christmas,available,34.99,34.99,high,low,9,namesilo,,,30/09/2026 11:00
2685ade3-7e92-4599-b0bc-3d5a8a12086c,chalkboards.christmas,available,34.99,34.99,low,low,11,namesilo,,,19/09/2026 23:25
61d48296-f5d4-44a5-9aaf-773fc232cbc8,exhusband.christmas,available,1.8,49.98,medium,low,10,namecheap,,,17/08/2026 15:21
aaa19a37-b675-4e2a-a718-a064c73f650b,distract.christmas,available,1.24,31.16,high,low,8,spaceship,,,29/09/2026 16:05
ce6d0c1b-238a-4dc2-bc2f-8a89ab81933a,prone.christmas,available,34.99,34.99,medium,low,5,namesilo,,,27/09/2026 07:37
185a1d4a-3809-49fc-ac38-03050187c057,rutherford.christmas,available,1.24,31.16,medium,low,10,spaceship,,,01/10/2026 01:41
008d8e39-e4cd-4084-9be0-3cc4d73a24f1,flatness.christmas,available,1.8,49.98,medium,low,8,namecheap,,,24/08/2026 17:17
9295ff1d-2bc1-4d95-bdea-c8e0c8cc5c31,assemblages.christmas,available,34.99,34.99,low,low,11,namesilo,,,29/09/2026 05:48
b8de027d-6bb4-4245-9ae0-161b3ca10d6f,outta.christmas,available,1.24,31.16,medium,low,5,spaceship,,,29/09/2026 20:53
40a79dd5-0799-45c7-9eb5-11b5f9363e11,proliferate.christmas,available,34.99,34.99,high,low,11,namesilo,,,03/10/2026 02:42
f98767b1-00ca-4e08-87b2-22fc3dc8de06,scrolls.christmas,available,34.99,34.99,medium,low,7,namesilo,,,30/09/2026 00:40
19680a78-bab3-4513-913e-b18c7ff61e90,igf.christmas,available,34.99,34.99,high,low,3,namesilo,,,03/10/2026 03:46
021e6549-4601-4223-ba48-3152597b7066,puku.christmas,available,34.99,34.99,medium,low,4,namesilo,,,17/09/2026 07:35
92be1503-23f2-4db2-8ecc-77cba6e06abc,either.christmas,available,1.24,31.16,medium,low,6,spaceship,,,28/09/2026 14:39
2419a95f-b8d5-4cfe-af16-05ec385789a9,transmit.christmas,available,34.99,34.99,high,low,8,namesilo,,,29/09/2026 04:29
fe04297e-a3a2-4d59-951a-4bfeda0eeffd,kirkwood.christmas,available,34.99,34.99,high,low,8,namesilo,,,29/09/2026 10:55
a81b3c7a-4e70-44e7-9802-e28687d47e32,hilltop.christmas,premium,2660,2660,high,low,7,namesilo,,,02/10/2026 05:19
afb32f8b-ab96-4573-be84-43c1b74307c5,lina.christmas,available,1.24,31.16,high,low,4,spaceship,,,01/10/2026 08:57
f9edc9ef-a38e-4452-9945-670f9d07feae,luciano.christmas,available,1.24,31.16,medium,low,7,spaceship,,,29/09/2026 05:56
55999ab0-8df8-4fab-bf08-01aa7db5aec2,catarrhine.christmas,available,1.8,49.98,medium,low,10,namecheap,,,11/08/2026 21:11
9cb54f47-9ae1-4fde-a4ff-df612765cf4d,apprenticeship.christmas,available,32.32,32.32,high,low,14,dynadot,,,02/10/2026 05:43
ab572679-506f-4e1f-bb91-0d8badcb62bf,connatural.christmas,available,1.8,49.98,medium,low,10,namecheap,,,12/08/2026 22:18
ab4132cf-0ae4-45a8-8ec9-9240b97a8808,unexpectedly.christmas,available,1.24,31.16,medium,low,12,spaceship,,,29/09/2026 03:10
d075749c-deaf-435e-88f9-3a54fd083804,parody.christmas,available,34.99,34.99,high,low,6,namesilo,,,23/09/2026 11:34
2d2a9f9d-87ac-446a-a98b-bc104588c311,fat.christmas,available,34.99,34.99,high,low,3,namesilo,,,24/09/2026 17:19
87e3ca79-9135-4c14-961a-28cf21965df8,clause.christmas,available,34.99,34.99,high,low,6,namesilo,,,24/09/2026 15:20
76500784-26a4-4139-8765-dab1f922ca4f,flavour.christmas,available,31.41,31.41,high,low,7,porkbun,,,01/10/2026 19:33
22e4d270-5fbf-4d59-8b75-9dece6d425f1,euphonic.christmas,available,1.8,49.98,high,low,8,namecheap,,,17/08/2026 14:13
c047eb9e-0d19-4ab7-818d-97222131e993,trippingly.christmas,available,1.8,49.98,medium,low,10,namecheap,,,15/09/2026 11:20
c9930156-f613-42bd-a804-428f129f9676,prince.christmas,available,34.99,34.99,high,low,6,namesilo,,,30/09/2026 07:24
53992b01-abd9-4b9c-888f-b9070158d5da,retaining.christmas,available,30.2,30.2,high,low,9,cloudflare,,,30/09/2026 04:00
0315e8ea-8b27-458e-9c8b-43ac2f31b198,megascopic.christmas,available,1.8,49.98,medium,low,10,namecheap,,,24/08/2026 19:26
70ced856-fe81-487a-9b42-f8c595b17b3f,remote.christmas,available,32.32,32.32,high,medium,6,dynadot,,,03/10/2026 03:20
9e250ea4-1b3b-46a7-b1e6-739d0df4109d,krupp.christmas,available,34.99,34.99,medium,low,5,namesilo,,,18/09/2026 06:37
5c934ab7-fede-4a66-868c-98d6c7d99ad4,gardens.christmas,available,32.32,32.32,medium,low,7,dynadot,,,28/09/2026 13:13
90b357e8-9aa2-44d5-b311-3d0a30cd8909,peck.christmas,available,1.8,49.98,high,low,4,namecheap,,,25/08/2026 00:37
aabab650-f9fd-4cbe-8a27-394e1ce69cb6,bruising.christmas,available,1.8,49.98,medium,low,8,namecheap,,,11/08/2026 06:34
7cc8407a-7643-48a2-bcb8-efbc607c0596,temporal.christmas,available,1.8,49.98,high,low,8,namecheap,,,11/09/2026 11:00
ff248549-729b-411e-8021-250359595c24,gaa.christmas,available,34.99,34.99,high,low,3,namesilo,,,29/09/2026 08:40
4e80b0a6-e1af-4463-b667-1bbbffda68a9,displaying.christmas,available,1.8,49.98,medium,low,10,namecheap,,,01/10/2026 16:09
a305b6dc-0c0a-4d4a-a7f2-c67e13b1fa9a,majorities.christmas,available,1.24,31.16,low,low,10,spaceship,,,29/09/2026 05:40
b145786b-2c39-4c82-98b4-3afe02f12668,trimmed.christmas,available,1.8,49.98,high,low,7,namecheap,,,11/09/2026 20:02
16bb398c-1073-4b4d-9f82-b12e66f041da,coastline.christmas,available,1.24,31.16,high,low,9,spaceship,,,30/09/2026 09:12
1faf1f86-c968-45d5-b04a-2b1e00c849b8,moveable.christmas,available,1.8,49.98,high,low,8,namecheap,,,25/08/2026 09:05
53463d0f-53f2-44db-940b-cbc40ec484f4,overcoming.christmas,available,1.24,31.16,high,low,10,spaceship,,,02/10/2026 07:30
1352ffa2-6fd0-467b-b03a-3d34d596dfa5,querier.christmas,available,34.99,34.99,medium,low,7,namesilo,,,20/09/2026 14:26
f00c3eda-9912-43e9-b7b8-f575b54f1bfe,arkansas.christmas,available,34.99,34.99,high,low,8,namesilo,,,20/09/2026 06:13
f5ac6032-a4d1-4353-b413-83aa61108703,syndrome.christmas,available,32.32,32.32,medium,low,8,dynadot,,,30/09/2026 12:45
9b7dfa5c-7ab5-4734-9ea2-6364f7137026,sepaline.christmas,available,1.8,49.98,medium,low,8,namecheap,,,10/09/2026 03:55
09875539-5e7e-4f51-85d0-4e925c4e078f,moistly.christmas,available,1.8,49.98,low,low,7,namecheap,,,14/09/2026 10:31
98cdf339-1044-4cc9-8da2-2ad04d6b3308,faraway.christmas,available,1.8,49.98,high,low,7,namecheap,,,17/08/2026 22:14
c9c18aa5-47b7-4074-88b3-301f53c9cf06,unbecoming.christmas,available,1.8,49.98,medium,low,10,namecheap,,,22/08/2026 02:19
19ee1b4c-3256-423e-9d39-19fcb76a63b0,damascus.christmas,available,34.99,34.99,high,low,8,namesilo,,,29/09/2026 07:02
b54e3cab-8933-4bca-8a8e-a9a49a31344e,dilemma.christmas,available,34.99,34.99,high,low,7,namesilo,,,29/09/2026 14:57
f755247e-c7aa-4299-835e-83df9a981ba2,airstream.christmas,available,34.99,34.99,high,low,9,namesilo,,,17/09/2026 23:23
18fe845c-5bcc-4c5a-b435-a22640b75703,lxxvii.christmas,available,1.8,49.98,medium,low,6,namecheap,,,
7f0b8c58-6518-4591-9254-266aa42368de,purpura.christmas,available,34.99,34.99,medium,low,7,namesilo,,,03/10/2026 01:46
4a0fc80f-ef2a-47c5-b3aa-ceaedcbd3e83,harder.christmas,available,34.99,34.99,medium,low,6,namesilo,,,26/09/2026 03:10
b30beb57-c0ea-4679-b2ee-95cedaa653a1,reprint.christmas,available,1.8,49.98,high,low,7,namecheap,,,10/09/2026 04:03
78218bd1-81ee-4697-bb22-529ecabebd3b,azolla.christmas,available,34.99,34.99,medium,low,6,namesilo,,,21/09/2026 11:19
ba346af6-55ac-4a68-ae76-dfc218363bf3,lagrangian.christmas,available,30.2,30.2,high,low,10,cloudflare,,,29/09/2026 14:39
7f6dc7c9-b181-407d-843b-83d21cf2bd60,textbooks.christmas,available,34.99,34.99,medium,low,9,namesilo,,,30/09/2026 16:14
196cb482-95ae-45a4-8fb7-704f47a01a58,silvan.christmas,available,34.99,34.99,medium,low,6,namesilo,,,19/09/2026 11:29
992a842d-7746-4c72-aac3-d49e28287233,flooding.christmas,available,1.24,31.16,medium,low,8,spaceship,,,29/09/2026 00:57
a0436a5f-cee4-4d66-a87e-9232cc413e8d,mandel.christmas,premium,,,medium,low,6,,,,29/09/2026 16:32
c03d74e8-b60b-40f1-bd02-a402784469f4,applications.christmas,available,1.24,31.16,medium,low,12,spaceship,,,28/09/2026 23:10
fa17bf74-1a4d-4d64-bb73-4ebd23d905ed,bed.christmas,available,34.99,34.99,high,low,3,namesilo,,,29/09/2026 01:46
cac157d9-4a2a-45fb-a742-3a678393428b,praises.christmas,available,34.99,34.99,medium,low,7,namesilo,,,19/09/2026 00:10
e99df555-654c-414f-985f-7c612d0e8709,forbidding.christmas,available,1.8,49.98,medium,low,10,namecheap,,,18/08/2026 11:08
74147f00-ed32-42e2-abfd-716cd1ef0dff,straggly.christmas,available,1.8,49.98,high,medium,8,namecheap,,,09/09/2026 10:04
35b2c3c2-2c83-44b7-8d42-3471e4e2daf6,concludes.christmas,available,34.99,34.99,medium,low,9,namesilo,,,29/09/2026 05:51
002d8f71-defb-4fa9-a85f-54eebf795b7b,answer.christmas,available,1.24,31.16,high,low,6,spaceship,,,28/09/2026 21:32
5873f59b-9732-4abe-8737-c97dbbc36f99,cosset.christmas,available,1.8,49.98,high,low,6,namecheap,,,21/09/2026 13:00
fd4ffaf0-c722-46c9-b1ce-2df4db65648b,lighted.christmas,available,1.8,49.98,high,low,7,namecheap,,,21/08/2026 20:09
aa0a7b70-ca25-4828-8dbc-a4b8859329bd,pamphlet.christmas,available,1.8,49.98,high,low,8,namecheap,,,24/09/2026 07:11
aaf78690-f1fe-4049-9b44-d80c3625bb15,abkhaz.christmas,available,1.8,49.98,medium,low,6,namecheap,,,
c673857f-f856-462a-aaf6-3e4b60005937,risked.christmas,available,30.2,30.2,medium,low,6,cloudflare,,,30/09/2026 00:38
ab5e1736-5046-409a-926c-d3e650722c85,refugees.christmas,available,1.24,31.16,low,low,8,spaceship,,,29/09/2026 05:48
92c44c04-c8f9-459f-bea9-4bd8d7f2786c,headline.christmas,available,1.24,31.16,high,low,8,spaceship,,,29/09/2026 22:23
e2212c2a-1447-483c-a9eb-8891bd0ee874,carrillo.christmas,available,34.99,34.99,high,low,8,namesilo,,,30/09/2026 05:28
c34053a5-35d3-4f65-87e7-693575679497,path.christmas,premium,2660,2660,high,low,4,namesilo,,,25/09/2026 07:51
ede7e22c-68c9-4a15-905c-35d46c7f685b,maguey.christmas,available,1.8,49.98,medium,low,6,namecheap,,,17/09/2026 16:37
bbbc73b4-e0b3-47ba-9db4-7d762f3fec46,optimism.christmas,available,1.24,31.16,high,low,8,spaceship,,,29/09/2026 07:46
30d282f2-faa3-41f9-b9a5-84c245f1f49e,timelines.christmas,available,31.41,31.41,medium,low,9,porkbun,,,02/10/2026 03:51
d0c3b7df-3d9b-42e6-94e6-2e01e8f0e7df,developmental.christmas,available,34.99,34.99,medium,low,13,namesilo,,,29/09/2026 02:36
27d8af74-9dd0-4c6e-83ef-c936d0c86f72,sauk.christmas,available,34.99,34.99,high,low,4,namesilo,,,30/09/2026 10:59
ad811b41-8de1-4c10-93a5-681ad97258d3,observe.christmas,available,34.99,34.99,high,low,7,namesilo,,,25/09/2026 23:53
de4d5c8f-189c-4af9-aa34-54f76ef3d1fe,anomaly.christmas,available,1.8,49.98,high,low,7,namecheap,,,19/09/2026 11:28
57519c85-9b9e-4260-80c7-9bcf261f657c,plump.christmas,available,1.8,49.98,high,low,5,namecheap,,,12/08/2026 07:35
f5437d13-b726-4786-9dd2-f3c42c10e629,notions.christmas,available,34.99,34.99,medium,low,7,namesilo,,,
3025090b-cb5c-4c2e-aa2f-08aa4416fb6e,engel.christmas,available,30.2,30.2,high,low,5,cloudflare,,,28/09/2026 04:50
1d799778-8b34-41c0-a50f-92fd03f02c63,voltaic.christmas,available,1.8,49.98,medium,low,7,namecheap,,,18/08/2026 19:42
d32929be-d300-4f36-b895-73e0f0c22480,immensely.christmas,available,1.8,49.98,high,low,9,namecheap,,,15/09/2026 01:58
c91e90a3-3ce8-4ccc-b292-0b4fa277dff9,supervisory.christmas,available,30.2,30.2,medium,low,11,cloudflare,,,02/10/2026 07:35
215964c7-a06d-4efa-a9e4-9a0e0b7c95ff,replies.christmas,available,34.99,34.99,medium,low,7,namesilo,,,18/09/2026 09:15
954c0897-554e-4273-97a8-0cf3a019319e,fantasm.christmas,available,1.8,49.98,medium,low,7,namecheap,,,08/09/2026 18:39
eb650a95-b6c2-457a-922c-049e2cb3341c,undigested.christmas,available,1.8,49.98,medium,low,10,namecheap,,,12/09/2026 08:01
00a75742-c58e-41f1-8223-8d3451874c7b,disjunct.christmas,available,1.8,49.98,medium,low,8,namecheap,,,14/08/2026 11:25
43deff18-c890-42b0-9912-8efa470cbf1c,abstracter.christmas,available,1.8,49.98,medium,low,10,namecheap,,,16/09/2026 18:30
dff51554-6ac8-4828-b739-b8ff0afcd0bd,single.christmas,premium,2660,2660,high,low,6,namesilo,,,21/09/2026 10:43
3d156ef3-399e-4cf9-9a5a-4ac531c7d336,americans.christmas,available,1.8,49.98,medium,low,9,namecheap,,,08/09/2026 06:41
a89f9106-6c46-4268-89f2-c6852281e425,marvellous.christmas,available,34.99,34.99,high,low,10,namesilo,,,25/09/2026 00:14
c3fa6c1c-5baa-4f69-821b-96458a188b82,ethereal.christmas,available,1.8,49.98,high,low,8,namecheap,,,21/09/2026 21:04
b4fac093-d5f4-4037-8bf9-05b0f22f6c51,bleeder.christmas,available,1.8,49.98,medium,low,7,namecheap,,,24/09/2026 05:24
9d0d124a-7b2e-4eba-b63d-52347d1f4374,universality.christmas,available,30.2,30.2,high,low,12,cloudflare,,,02/10/2026 11:41
e544c32c-613e-4d7b-85b2-2a517294750e,malabar.christmas,available,32.32,32.32,high,low,7,dynadot,,,29/09/2026 09:09
bf85ac46-0eda-4f16-838c-2120a3d4c6f1,trucking.christmas,available,32.32,32.32,high,low,8,dynadot,,,01/10/2026 02:27
5d203e92-2ceb-473b-ad22-d179b46f499a,angkor.christmas,available,31.41,31.41,medium,low,6,porkbun,,,02/10/2026 20:28
71a1e261-4187-432c-971f-c890e71bd485,sob.christmas,available,1.8,49.98,high,low,3,namecheap,,,08/08/2026 23:48
ca8c5557-86ff-4ce0-a766-59584fb08c88,seniority.christmas,available,1.24,31.16,high,low,9,spaceship,,,30/09/2026 17:37
c1bce4b4-f2b8-48b4-bd5f-aed032474741,says.christmas,available,1.8,49.98,medium,low,4,namecheap,,,
77ce6991-b782-4dc2-b806-ac3206ecdb9f,hain.christmas,premium,2183.84,2183.84,high,low,4,porkbun,,,02/10/2026 18:26
1e42d0dc-55cb-41ab-bfd5-878e79371318,excel.christmas,available,31.41,31.41,high,low,5,porkbun,,,30/09/2026 19:22
c9f145da-cb5c-431d-88aa-8dfe3fe93994,deliberate.christmas,available,1.8,49.98,high,low,10,namecheap,,,11/08/2026 13:56
dd720093-5513-4792-9a67-8bccc40aad42,breaks.christmas,available,34.99,34.99,medium,low,6,namesilo,,,17/09/2026 22:04
7b4fbbec-1f20-4c3b-9d18-af733a0dd637,goit.christmas,available,1.8,49.98,high,low,5,namecheap,,,17/09/2026 17:43
42ee5a59-97b8-4fd6-971c-f538e139db7c,angara.christmas,available,34.99,34.99,medium,low,6,namesilo,,,19/09/2026 05:44
462c0daa-86f7-4ffc-b82e-891526ca9496,esoteric.christmas,available,1.8,49.98,high,low,8,namecheap,,,17/08/2026 13:17
6152a0a4-c762-4aca-8e60-9bdbed301062,ludlow.christmas,available,1.8,49.98,medium,low,6,namecheap,,,27/09/2026 23:11
cb1389fe-e835-4b73-89a2-840373a639b2,bibulous.christmas,available,1.8,49.98,low,low,8,namecheap,,,09/08/2026 18:58
4187dfa0-fc6a-4f08-9918-a5e051d2aa72,genoa.christmas,available,30.2,30.2,high,low,5,cloudflare,,,30/09/2026 09:54
721a0444-c409-45ab-aaa6-21a87a9c8aa6,equable.christmas,available,1.8,49.98,medium,low,7,namecheap,,,17/08/2026 11:33
86aa2074-f662-4b91-baeb-05a9166ae3dd,vernal.christmas,available,1.8,49.98,medium,low,6,namecheap,,,13/09/2026 04:19
1d8bb7a5-5ac4-4a36-bdc0-24c23ecd3376,populations.christmas,available,49.98,,medium,low,11,namecheap,,,18/09/2026 17:58
de0d1192-a51e-4924-b58e-784f3e649ebf,spoons.christmas,available,34.99,34.99,high,low,6,namesilo,,,02/10/2026 10:24
7f55f08f-4d44-428d-92a3-bc0089adc05e,vegetation.christmas,available,34.99,34.99,high,low,10,namesilo,,,29/09/2026 11:45
ae57c836-84e2-420a-b4ad-22660388b5d4,tasty.christmas,available,1.8,49.98,high,low,5,namecheap,,,11/09/2026 09:04
091b72a2-fad8-41f4-9cfc-f5714d97aaa8,vulpine.christmas,available,1.8,49.98,medium,low,7,namecheap,,,13/09/2026 07:26
f306c975-2065-4b4b-81e1-0e6a116ab863,visualization.christmas,available,1.24,31.16,high,low,13,spaceship,,,02/10/2026 01:37
764585ff-e913-4d70-ad9d-70e220b6c197,ineffable.christmas,available,1.8,49.98,high,low,9,namecheap,,,22/08/2026 02:45
0d79ae39-6642-4c06-8de5-49479cf6abec,madan.christmas,available,31.41,31.41,high,low,5,porkbun,,,02/10/2026 20:33
c178c69c-c77f-40fb-a54f-79bdf5f04dab,mantle.christmas,available,34.99,34.99,high,low,6,namesilo,,,28/09/2026 18:42
12409072-cca5-429f-b59b-999daafe04bb,hanks.christmas,available,1.24,31.16,medium,low,5,spaceship,,,01/10/2026 19:55
70482c80-8263-4ddd-a4a9-4df7e634f640,tremble.christmas,available,30.2,30.2,medium,low,7,cloudflare,,,01/10/2026 21:40
ae90385e-60df-40b7-87b0-7dc5e58211cd,stiff.christmas,available,1.8,49.98,medium,low,5,namecheap,,,09/08/2026 16:54
55967f7f-5d27-466f-b9e3-cbf7296bf08f,acicular.christmas,available,1.8,49.98,medium,low,8,namecheap,,,
41cbfc16-f625-4b52-9250-9efb194a318f,crepuscule.christmas,available,1.8,49.98,medium,low,10,namecheap,,,11/09/2026 21:48
3fe92cae-e4c9-4fe8-9d6d-abab69933824,jinnah.christmas,available,1.24,31.16,medium,low,6,spaceship,,,02/10/2026 15:52
bd5b84d2-bf40-4b80-a14f-d525ada1f461,petallike.christmas,available,1.8,49.98,medium,low,9,namecheap,,,08/09/2026 18:13
b4665fb7-f960-410b-b6db-5ff59a0b888c,jfk.christmas,available,1.24,31.16,high,low,3,spaceship,,,29/09/2026 13:11
a4825629-1921-4f1b-a900-7c81b5ea674a,pilose.christmas,available,1.8,49.98,high,medium,6,namecheap,,,08/09/2026 19:39
d1864e30-cada-43ad-8413-ca7474053c48,lived.christmas,available,1.8,49.98,high,low,5,namecheap,,,25/09/2026 20:09
27eb5437-1ba4-4ba9-9119-5700a440fe4b,touchstone.christmas,available,1.8,49.98,high,low,10,namecheap,,,10/09/2026 18:36
07e3d0ab-77c6-4fbf-8786-c047e3c44491,northerner.christmas,available,1.8,49.98,medium,low,10,namecheap,,,13/09/2026 14:16
76c7dbff-851c-4fee-a266-7e08b0d7e72e,cartoonist.christmas,available,1.24,31.16,high,low,10,spaceship,,,02/10/2026 14:34
78a0dd84-d41a-4ab9-9a2f-70732b791c5d,songbird.christmas,available,34.99,34.99,high,low,8,namesilo,,,30/09/2026 11:31
b1a1a7da-fced-4e2a-934e-8133cf425433,banquette.christmas,available,34.99,34.99,medium,low,9,namesilo,,,22/09/2026 03:08
6c8b6ee9-c89a-4988-aae2-134768919b0e,autumnal.christmas,available,1.8,49.98,medium,low,8,namecheap,,,07/08/2026 21:23
6f87339b-cfaf-4e28-aa34-c776c0379689,adversary.christmas,available,34.99,34.99,medium,low,9,namesilo,,,17/09/2026 10:44
0bf5d627-d952-4f86-93e0-45ec6cc9362b,dani.christmas,available,1.24,31.16,high,low,4,spaceship,,,29/09/2026 15:20
dd273ea5-0a22-4c23-8b77-cc5d9a0a7a81,unfretted.christmas,available,1.8,49.98,medium,low,9,namecheap,,,12/09/2026 10:45
b448e36f-b5d2-412d-ae36-1f49cee29672,windows.christmas,premium,2660,2660,high,medium,7,namesilo,,,19/09/2026 04:22
d8e2a57f-3c18-4ab3-a765-d43a168bfcf7,guizhou.christmas,available,1.24,31.16,medium,low,7,spaceship,,,02/10/2026 20:02
0143c3fd-1ed5-4e9a-8c87-d071b6532224,eight.christmas,available,34.99,34.99,high,low,5,namesilo,,,21/09/2026 13:20
f12d88e6-2499-4abd-8886-eb01f665f942,colby.christmas,available,34.99,34.99,high,low,5,namesilo,,,28/09/2026 00:47
2c2d9d4b-f5bf-4474-a1b7-e9b6a59f667e,crowned.christmas,available,1.8,49.98,high,low,7,namecheap,,,13/08/2026 08:34
89f311b6-ca16-4e22-b3ca-9e6159c5eb98,burmese.christmas,available,1.8,49.98,high,low,7,namecheap,,,11/08/2026 10:42
d748cfb8-3712-437f-8ea7-2eaafb5f880b,senators.christmas,available,34.99,34.99,low,low,8,namesilo,,,29/09/2026 05:32
b764198e-d6d3-41ab-9169-7523c65e3231,ncc.christmas,available,32.32,32.32,high,low,3,dynadot,,,30/09/2026 06:29
0a8222bb-df93-4168-bf06-0106c72d9eec,throngs.christmas,available,34.99,34.99,medium,low,7,namesilo,,,20/09/2026 14:21
e14dc670-5daa-48a6-a1f7-d54f9d25c479,ortega.christmas,available,31.41,31.41,medium,low,6,porkbun,,,28/09/2026 05:29
0b5a68f4-888c-4e0c-a8bd-9a812b268fea,gracile.christmas,available,1.8,49.98,medium,low,7,namecheap,,,20/08/2026 17:29
5a174411-557d-4a27-83ea-22f39554d7ad,hidebound.christmas,available,1.8,49.98,medium,low,9,namecheap,,,21/08/2026 08:11
512433ff-51fa-41d9-afe0-913581d70808,thoughts.christmas,available,34.99,34.99,high,low,8,namesilo,,,16/09/2026 21:58
316e701c-32a4-477c-8c75-4567cf7b396d,blooms.christmas,available,34.99,34.99,medium,low,6,namesilo,,,02/10/2026 03:32
e3df8747-2163-4c12-ab3a-0defed415669,blocks.christmas,available,34.99,34.99,high,low,6,namesilo,,,17/09/2026 21:52
2783ee12-e29b-4f34-9fd3-3291b42bb92d,aphoristic.christmas,available,1.8,49.98,medium,low,10,namecheap,,,05/08/2026 23:31
157ffedf-a552-4982-953b-a43ff0c20801,therapist.christmas,available,31.41,31.41,high,low,9,porkbun,,,28/09/2026 02:06
1ff18a5f-6651-48ee-a054-d71595a7d9db,ascendable.christmas,available,1.8,49.98,medium,low,10,namecheap,,,07/08/2026 00:35
1ff3c3d8-aadf-4408-92b4-bbf99325fd61,diseases.christmas,available,34.99,34.99,low,low,8,namesilo,,,17/09/2026 16:41
19282b22-7378-4839-b4ce-ad0eb3ea9bd8,prater.christmas,available,34.99,34.99,medium,low,6,namesilo,,,21/09/2026 12:26
b78a3042-09b5-42f5-9c49-011049bfcb27,rac.christmas,available,34.99,34.99,high,low,3,namesilo,,,30/09/2026 04:10
c22c3900-7f58-4171-8204-6bf0bdde64eb,feedback.christmas,available,1.8,49.98,high,medium,8,namecheap,,,28/09/2026 14:09
81e93b93-0f57-4629-a145-3a58c18059a1,mombasa.christmas,available,30.2,30.2,medium,low,7,cloudflare,,,01/10/2026 20:35
68d2f957-ce51-4772-a57e-3431d2b46b27,unread.christmas,available,1.8,49.98,medium,low,6,namecheap,,,12/09/2026 17:51
279b8047-e139-432a-a73a-43662b97dc6d,priority.christmas,available,34.99,34.99,high,low,8,namesilo,,,19/09/2026 12:40
d12755d6-36ea-4691-9514-f740960d1042,catholicism.christmas,available,34.99,34.99,high,low,11,namesilo,,,17/09/2026 00:07
aa08fced-54c0-4e64-9846-67872f5899a9,seafaring.christmas,available,1.8,49.98,medium,low,9,namecheap,,,04/09/2026 00:22
0d113c10-1457-4a0c-869e-508dec66224f,decease.christmas,available,1.8,49.98,medium,low,7,namecheap,,,24/09/2026 19:36
43e48578-87f9-4ce4-a916-5b8435e404e5,spaceman.christmas,available,1.8,49.98,high,low,8,namecheap,,,20/09/2026 17:58
2cdc59f3-15c1-40ef-909d-69050a4380fb,baffle.christmas,available,1.8,49.98,medium,low,6,namecheap,,,09/09/2026 08:20
3e1f8c4d-9ff7-4258-90d5-0009e7a0d122,montaigne.christmas,available,1.24,31.16,high,low,9,spaceship,,,30/09/2026 18:02
c2b9a5a9-85ee-48b6-a1ba-ded8f39cbfd8,nell.christmas,available,32.32,32.32,medium,low,4,dynadot,,,28/09/2026 07:53
9176cca5-23be-4b0d-a830-eda0eb7b80f6,screwdrivers.christmas,available,34.99,34.99,medium,low,12,namesilo,,,20/09/2026 04:52
32abd77c-627f-4012-a4a8-cdd70a134368,encrusted.christmas,available,1.8,49.98,medium,low,9,namecheap,,,13/08/2026 09:24
eabf1089-8cce-43d2-bdaf-55718652abeb,silverbush.christmas,available,34.99,34.99,medium,low,10,namesilo,,,19/09/2026 14:04
7031ccd2-e91f-458d-b26a-cc0e432df2f6,unsettling.christmas,available,32.32,32.32,medium,low,10,dynadot,,,01/10/2026 22:49
3916e586-ea8d-469c-9751-16331d9b4371,balanchine.christmas,available,1.8,49.98,medium,low,10,namecheap,,,21/09/2026 20:54
a38c97fe-455d-4e4a-b752-836a98ae3899,barnum.christmas,available,34.99,34.99,medium,low,6,namesilo,,,22/09/2026 06:55
20a35ef2-8ac6-4408-a01e-061e23641e3f,ris.christmas,available,1.24,31.16,high,low,3,spaceship,,,02/10/2026 19:00
2abecdec-5e87-493a-b21c-cf9e30b231ac,principe.christmas,available,1.8,49.98,medium,low,8,namecheap,,,01/10/2026 03:22
a5c5db70-8cb1-4752-a2d1-963a59f3670a,pamplona.christmas,available,1.24,31.16,high,low,8,spaceship,,,02/10/2026 19:18
59e82f7e-981e-464e-999a-c13c47d8dfc4,constructive.christmas,available,1.24,31.16,high,low,12,spaceship,,,01/10/2026 21:42
002a72cb-ce1c-4f1f-bbcc-ea1f38da6b44,excursion.christmas,available,1.24,31.16,high,low,9,spaceship,,,29/09/2026 18:22
bdf88e31-d865-4d07-88ab-dc89e8842b73,amen.christmas,available,1.8,49.98,high,low,4,namecheap,,,18/09/2026 18:25
06a3de03-c730-42a8-bef9-a30fc7bd390c,receptor.christmas,available,32.32,32.32,high,low,8,dynadot,,,30/09/2026 18:26
d8f6854e-3096-453a-9edb-e6e16451984a,brad.christmas,available,34.99,34.99,high,low,4,namesilo,,,24/09/2026 07:52
f8933c6e-1815-498d-89dd-8d346d6a79c2,analyse.christmas,available,31.41,31.41,high,low,7,porkbun,,,02/10/2026 16:51
82912fd0-6a83-4691-ade2-245d971a257e,raymond.christmas,available,1.8,49.98,high,low,7,namecheap,,,25/09/2026 19:12
662e7278-004b-47dc-a8b9-448cab5a9aff,combined.christmas,available,1.8,49.98,high,low,8,namecheap,,,12/08/2026 18:36
ddac6994-2091-43b2-93b3-4cf0dc8453cd,mendicant.christmas,available,1.8,49.98,medium,low,9,namecheap,,,24/08/2026 20:08
028bfa8f-1139-453d-88b0-c4ebb7597bbc,automat.christmas,available,34.99,34.99,high,low,7,namesilo,,,21/09/2026 06:52
d5e2f7bd-8978-443e-adbd-f88f1d8a6d43,neill.christmas,available,1.8,49.98,medium,low,5,namecheap,,,28/09/2026 23:29
2c63eb48-c46d-4a87-84a4-1fc239e9d47d,bsp.christmas,available,1.24,31.16,high,low,3,spaceship,,,02/10/2026 18:23
2f29b37e-60ef-43ee-89aa-e81ba8e3a227,catastrophe.christmas,available,34.99,34.99,medium,low,11,namesilo,,,28/09/2026 22:54
a7978336-fecd-477e-8a00-14def13bc949,nauseous.christmas,available,1.8,49.98,medium,low,8,namecheap,,,24/08/2026 08:24
9e523d96-26fa-43c5-a7e5-52abfa89da21,totally.christmas,available,34.99,34.99,high,low,7,namesilo,,,22/09/2026 00:22
854a1389-291a-45a5-ad41-56ee1bcdc9b6,steadied.christmas,available,1.8,49.98,medium,low,8,namecheap,,,10/09/2026 19:30
2fc6109e-d339-4ad0-bb95-7828043594ff,sizeable.christmas,available,1.8,49.98,high,low,8,namecheap,,,20/08/2026 16:40
2c8a8c8b-23a5-47e0-82bf-0d1caa793e88,profitless.christmas,available,1.8,49.98,medium,low,10,namecheap,,,09/09/2026 02:50
b4b0803f-1e50-421b-9ab2-1a565e06fae2,tetchy.christmas,available,1.8,49.98,medium,low,6,namecheap,,,22/08/2026 10:31
1754567f-e388-46b1-a89e-d3d3a2694cdd,unchecked.christmas,available,1.8,49.98,medium,low,9,namecheap,,,12/09/2026 04:32
d487013f-bb36-44b6-8c69-2a6662ae660d,knuckle.christmas,available,34.99,34.99,high,low,7,namesilo,,,02/10/2026 05:33
fe7f06ee-fec1-457a-a897-1887fb24e8ea,amputee.christmas,available,34.99,34.99,medium,low,7,namesilo,,,18/09/2026 23:54
b1139452-f601-476b-9cae-bc938455fdbf,perceptive.christmas,available,1.8,49.98,high,low,10,namecheap,,,08/09/2026 16:12
b06e086f-e111-4392-bbea-1b822a82dbb3,rough.christmas,available,1.8,49.98,high,low,5,namecheap,,,06/08/2026 09:39
d9a754b1-b85b-4f07-b3fe-9995e5a26be0,deviate.christmas,available,1.8,49.98,high,low,7,namecheap,,,
f36d7539-a7c2-459c-b939-22895dc9821f,distracted.christmas,available,1.8,49.98,medium,low,10,namecheap,,,14/08/2026 13:08
0f16be58-f5b5-4327-b1e7-dbf6ada2251f,suny.christmas,available,34.99,34.99,medium,low,4,namesilo,,,28/09/2026 16:53
0fd0896e-cf2d-4741-8aca-dacad65b7ea8,sensation.christmas,available,34.99,34.99,high,low,9,namesilo,,,21/09/2026 17:34
63f97961-6b12-4da8-a47a-af495f1d81f0,tamanoir.christmas,available,34.99,34.99,medium,low,8,namesilo,,,19/09/2026 12:16
3fbd2f7b-985b-405c-8ef7-bf3e8c4f712f,targets.christmas,available,34.99,34.99,medium,low,7,namesilo,,,18/09/2026 15:18
f4712108-e575-4eed-b78c-75657975bca5,killed.christmas,available,34.99,34.99,medium,low,6,namesilo,,,17/09/2026 12:17
c5684104-ca1b-4820-b777-71fea425311b,christiana.christmas,available,34.99,34.99,medium,low,10,namesilo,,,01/10/2026 00:03
e398a140-f762-4294-bac4-4e4407956fc2,correlated.christmas,available,1.8,49.98,high,low,10,namecheap,,,13/08/2026 02:01
44764f84-1a97-409d-926c-1da7f615b20b,workplace.christmas,available,30.2,30.2,high,low,9,cloudflare,,,29/09/2026 02:38
bfcfaf28-8777-45db-84c6-23a5243f7974,glove.christmas,available,32.32,32.32,high,low,5,dynadot,,,29/09/2026 01:21
8446f954-957f-4535-af1b-ac47bd2ecb89,nightingale.christmas,available,34.99,34.99,high,low,11,namesilo,,,30/09/2026 03:17
43a76bd1-c579-44be-b3d1-907c50336951,czechoslovak.christmas,available,1.8,49.98,medium,low,12,namecheap,,,26/09/2026 03:18
82dec351-ae65-4ebe-9ecd-cf065117fa3d,origin.christmas,premium,2600,2600,high,low,6,namecheap,,,08/09/2026 13:23
95282a4d-108e-4c69-b1b9-53f715655c10,dinkey.christmas,available,1.8,49.98,medium,low,6,namecheap,,,14/08/2026 08:16
22e696dd-7206-4c26-9ad6-84b0553ec212,loads.christmas,available,1.24,31.16,high,low,5,spaceship,,,28/09/2026 15:05
416eb8e3-611b-4c24-88b8-e826b35c2e2c,akhenaton.christmas,available,34.99,34.99,medium,low,9,namesilo,,,17/09/2026 23:57
34f906fe-36ba-418e-8df9-a52922322332,initiation.christmas,available,32.32,32.32,high,low,10,dynadot,,,29/09/2026 12:23
6774749d-6cb4-40b7-8dd3-e1bc513f790f,disputed.christmas,available,1.8,49.98,medium,low,8,namecheap,,,14/08/2026 12:12
64094f3b-9825-49cc-ab34-b50be7307bf5,biochemical.christmas,available,34.99,34.99,high,low,11,namesilo,,,30/09/2026 11:40
26ded724-01ea-4c02-90ed-388fbcffd023,barreled.christmas,available,1.8,49.98,medium,low,8,namecheap,,,08/08/2026 20:46
9f66d66e-9d59-49c3-a1b3-844357bbf306,ridden.christmas,available,1.24,31.16,high,low,6,spaceship,,,30/09/2026 23:00
5e65323d-1219-4606-bb51-37608a074348,glance.christmas,available,30.2,30.2,high,low,6,cloudflare,,,29/09/2026 11:47
580b8fca-d4b7-47f9-ac88-2e98720c891d,haymarket.christmas,available,1.24,31.16,high,low,9,spaceship,,,29/09/2026 22:38
db0ce26a-1142-4c96-844e-ed360c4ebc92,wakeful.christmas,available,1.8,49.98,medium,low,7,namecheap,,,04/09/2026 16:03
fc31d71a-cdc2-476f-aa1f-fc56838f0e9a,manifesto.christmas,available,1.24,31.16,high,low,9,spaceship,,,30/09/2026 02:12
c57e6f98-6c6c-4e7d-a3de-7e6bdbdb4eef,child.christmas,resell,,,high,low,5,"Global Domains International, Inc. DBA DomainCostClub.com",14/05/2017 17:24,14/05/2027 23:59,26/09/2026 04:54
f2ba569a-9abf-470c-930e-5b9be634aadb,perpetual.christmas,available,1.8,49.98,high,low,9,namecheap,,,
23182c44-91f2-442f-b89c-58009157cd32,bassinet.christmas,available,1.8,49.98,medium,low,8,namecheap,,,22/09/2026 12:23
4e25ee7c-ab71-4710-afd7-f50221e3e2ff,tempting.christmas,available,34.99,34.99,high,low,8,namesilo,,,22/09/2026 01:44
d2307ed3-7e6f-4fe9-9a8a-b841151dcf7e,eastwood.christmas,available,31.41,31.41,high,low,8,porkbun,,,28/09/2026 21:36
d39dc8f7-b462-427e-b74e-e8784867b249,minded.christmas,available,1.8,49.98,high,low,6,namecheap,,,24/08/2026 23:35
9fb733da-e45c-4495-9a58-bc896d58ec5e,cheetah.christmas,available,34.99,34.99,high,low,7,namesilo,,,17/09/2026 01:33
5d3b7eda-5cb0-4f00-a5d1-8168ee655e9c,dylan.christmas,available,1.8,49.98,high,low,5,namecheap,,,25/09/2026 00:22
c56217b7-65c6-4588-84d9-2b6c7181db5c,commitments.christmas,available,34.99,34.99,medium,low,11,namesilo,,,30/09/2026 07:30
07fcbf44-4626-48db-906b-f92e6109f86b,asklepios.christmas,available,34.99,34.99,medium,low,9,namesilo,,,17/09/2026 13:21
a90773ae-80aa-4cbd-992f-4827ce5b1f1d,edge.christmas,available,34.99,34.99,high,medium,4,namesilo,,,23/09/2026 01:34
3d3a14d4-e997-454a-a6a9-645f01dccd1f,fissure.christmas,available,1.8,49.98,high,low,7,namecheap,,,13/08/2026 04:18
c4039ca9-c0e6-4567-95b1-1121b0f2f3f0,assiduous.christmas,available,1.8,49.98,medium,low,9,namecheap,,,07/08/2026 06:09
d29b8669-41cc-48c2-afb0-e4cfa390d55d,incriminating.christmas,available,34.99,34.99,medium,low,13,namesilo,,,02/10/2026 17:43
f8172e1f-0f27-45f3-83e4-a47946e4404c,trillion.christmas,available,1.8,49.98,high,low,8,namecheap,,,11/09/2026 19:49
bcf09c2a-7374-48ae-998c-d86fcfcb4eee,nicotine.christmas,available,1.24,31.16,medium,low,8,spaceship,,,29/09/2026 19:49
8a6d93b9-7828-48ce-b487-342ccc7eb2c5,techy.christmas,available,1.8,49.98,medium,low,5,namecheap,,,22/08/2026 10:32
d7b293cb-f8e2-4acb-a932-c6bd47b8b9fd,league.christmas,available,1.8,49.98,high,low,6,namecheap,,,30/09/2026 02:33
926a745c-d287-4d6e-8ff5-d8cdad31c0f9,addams.christmas,available,1.24,31.16,medium,low,6,spaceship,,,29/09/2026 23:22
76609e4f-f506-4696-90f6-63cf0f7f0093,libber.christmas,available,1.8,49.98,medium,low,6,namecheap,,,18/08/2026 01:03
ac4d7868-451d-475e-9de4-e415e64ccb84,cornflower.christmas,available,34.99,34.99,high,low,10,namesilo,,,21/09/2026 14:08
93e54bbd-109b-4cea-ad0d-30c6ee8474e6,hanseatic.christmas,available,1.8,49.98,medium,low,9,namecheap,,,02/10/2026 14:09
333e80c9-53ba-4cba-b1be-2b3909a840f0,elasticity.christmas,available,1.24,31.16,high,low,10,spaceship,,,02/10/2026 14:59
10cc5058-1ce2-428c-aa72-7f0c4d9ad378,beauvoir.christmas,available,34.99,34.99,high,low,8,namesilo,,,22/09/2026 22:24
70b20147-2e78-4e8f-888d-68d2e61445f3,wilkes.christmas,available,1.24,31.16,medium,low,6,spaceship,,,27/09/2026 12:29
d8ee967a-96d8-4700-9b5a-e87e2b35ce04,nooky.christmas,available,1.8,49.98,medium,low,5,namecheap,,,18/08/2026 17:29
736d2667-2951-4654-8960-4244e370143f,canton.christmas,available,34.99,34.99,high,low,6,namesilo,,,23/09/2026 16:10
4523e935-a36c-46d4-a845-abc8f13f9d0a,oranges.christmas,available,34.99,34.99,medium,low,7,namesilo,,,29/09/2026 23:38
0a45c3c8-68b1-48fd-ac2f-965a998f22f1,pleasant.christmas,available,34.99,34.99,high,low,8,namesilo,,,27/09/2026 04:06
68c8430c-8921-4d18-b64e-8f8f2adb1e2d,sayonara.christmas,available,34.99,34.99,high,low,8,namesilo,,,17/09/2026 08:15
645833d4-a66f-42bb-8675-297c035bc80c,russian.christmas,premium,715,715,high,low,7,dynadot,,,27/09/2026 17:35
a3014fed-9c19-4923-bf34-d3d5b19152c0,marion.christmas,available,34.99,34.99,high,low,6,namesilo,,,25/09/2026 14:37
b37d6ef0-5fee-4ad4-bd09-3e8ef8d40a7f,flexing.christmas,available,34.99,34.99,high,low,7,namesilo,,,01/10/2026 22:33
adc9eaaf-059c-47f1-8b4e-6f5edbea404d,worlds.christmas,available,34.99,34.99,high,low,6,namesilo,,,18/09/2026 17:40
2474b639-0c9c-4ec0-a51d-ed416bad7300,elis.christmas,premium,2200,2200,high,medium,4,dynadot,,,02/10/2026 19:56
714211c2-de19-47f8-bcd6-332bf22a21d0,lefthanded.christmas,available,1.24,31.16,high,low,11,spaceship,,,30/09/2026 22:36
9b4b9a76-7c17-4a02-a338-07f0a25eda29,raisins.christmas,available,32.32,32.32,medium,low,7,dynadot,,,02/10/2026 02:55
e62b6466-14cf-4ce5-b495-dc70e7639f01,auspicious.christmas,available,34.99,34.99,high,low,10,namesilo,,,22/09/2026 13:12
6c48a6a1-9a60-43ad-88cb-0b200b44ce58,lads.christmas,available,32.32,32.32,medium,low,4,dynadot,,,29/09/2026 11:04
31904b29-a2d6-4a3a-859f-9e2c8e659fb8,hobart.christmas,available,34.99,34.99,high,low,6,namesilo,,,25/09/2026 07:24
c84b888a-fcb7-4ee0-a120-8d4752ac1b02,inexpensive.christmas,available,1.24,31.16,high,low,11,spaceship,,,01/10/2026 01:44
a7cdf5c3-3bd7-4f35-960c-c272c449c9f4,attractions.christmas,available,34.99,34.99,medium,low,11,namesilo,,,30/09/2026 23:56
60f365a4-e989-45f7-9016-6c8b5d447c9f,gyral.christmas,available,1.8,49.98,medium,low,5,namecheap,,,20/08/2026 21:19
e3a8d064-cce6-473c-b70f-496a59e8480b,griffon.christmas,available,34.99,34.99,medium,low,7,namesilo,,,23/09/2026 05:02
5ab99449-05d3-4c38-9347-295bae6dd852,fastest.christmas,available,1.8,49.98,high,low,7,namecheap,,,14/09/2026 17:49
73db3d02-05e5-4009-aaaf-128f49ff306a,suitcase.christmas,available,1.24,31.16,high,low,8,spaceship,,,28/09/2026 06:48
752c2136-b776-4dcf-9dc4-c3ac8f135572,delay.christmas,available,1.24,31.16,high,low,5,spaceship,,,29/09/2026 13:44
ce49a386-5b51-434f-a3cd-17e00c5dcd34,minnie.christmas,available,32.32,32.32,high,low,6,dynadot,,,29/09/2026 09:12
298e6985-1bb5-482a-8b10-0b425fa2b859,blende.christmas,available,34.99,34.99,medium,low,6,namesilo,,,24/09/2026 05:43
635e2a56-c5af-401a-8a7d-47596365a2f5,correlate.christmas,available,34.99,34.99,high,low,9,namesilo,,,23/09/2026 23:49
801dc2ed-fb11-421c-a5f7-e3b434448f3a,badges.christmas,available,1.24,31.16,medium,low,6,spaceship,,,29/09/2026 17:33
d8699ae8-1317-48c8-a61c-5f8077bb3a17,cared.christmas,available,1.8,49.98,medium,low,5,namecheap,,,25/09/2026 19:49
b73da5ac-8fb6-457a-9a05-2c28f88e1983,begging.christmas,available,34.99,34.99,medium,low,7,namesilo,,,23/09/2026 02:16
9f9ecaa8-77e4-4564-81ef-bd47f5a6d922,daly.christmas,available,34.99,34.99,high,low,4,namesilo,,,25/09/2026 13:04
ef0195e8-9507-4dfe-b479-7bb4f5916907,andorran.christmas,available,1.8,49.98,medium,low,8,namecheap,,,
2afe5da2-42ab-49ed-b8d4-290ee1b4892f,useable.christmas,available,1.8,49.98,medium,low,7,namecheap,,,12/09/2026 23:57
cd4cf459-8005-4101-b72b-634dd2ae2377,spartan.christmas,available,34.99,34.99,high,low,7,namesilo,,,19/09/2026 16:49
e5a49d8e-c592-43a6-a1d3-72d6bb708ba5,provincial.christmas,available,1.8,49.98,medium,low,10,namecheap,,,11/08/2026 07:37
11cd652b-0739-411f-be69-e11556307cf3,austin.christmas,premium,2660,2660,high,low,6,namesilo,,,21/09/2026 04:43
c0e2cfd5-992c-48fd-95c5-06996713308c,somali.christmas,available,1.8,49.98,high,low,6,namecheap,,,10/09/2026 13:58
10b4bda5-4a4a-4c6e-a272-2af41e53e7db,pinkish.christmas,available,1.8,49.98,high,medium,7,namecheap,,,08/09/2026 19:46
0c81dc41-2455-4e6f-91d4-c82953e9aeef,exam.christmas,available,1.8,49.98,high,low,4,namecheap,,,27/09/2026 03:51
baa3a928-1867-4d7c-9e32-c42a4a1a9eae,nevus.christmas,available,1.8,49.98,medium,low,5,namecheap,,,23/09/2026 21:15
d9ab17e1-13d2-410c-896a-016044030c57,consent.christmas,available,1.8,49.98,high,low,7,namecheap,,,08/09/2026 13:17
3f66b827-0181-42b0-82ea-0709b516c436,delivered.christmas,available,1.8,49.98,medium,low,9,namecheap,,,25/09/2026 18:04
da8dfca3-035f-4005-839f-8dd446f34c1d,precolumbian.christmas,available,30.2,30.2,medium,low,13,cloudflare,,,02/10/2026 21:03
a1fd10a5-3f31-4c01-b99e-6e6dcacb1444,franco.christmas,available,1.24,31.16,high,low,6,spaceship,,,29/09/2026 06:44
cac8e973-8703-47c8-b67a-4cda0eb9dff6,acerose.christmas,available,1.8,49.98,medium,low,7,namecheap,,,
88688d98-190b-4667-bd6d-43094d319e36,anesthesia.christmas,available,1.24,31.16,high,low,10,spaceship,,,28/09/2026 21:08
5c43f5f8-21b0-49e2-8733-43fda1df73f5,insignia.christmas,available,30.2,30.2,high,low,8,cloudflare,,,30/09/2026 17:42
1b171f2c-36a8-43d4-ae25-37101c8702b7,phrase.christmas,available,34.99,34.99,high,low,6,namesilo,,,29/09/2026 23:31
47ca2363-c10e-4793-8e78-e950770d09c3,onymous.christmas,available,1.8,49.98,medium,low,7,namecheap,,,04/09/2026 15:26
5a61e51f-c7e2-4b58-8300-65dc86e0712b,meliorist.christmas,available,1.8,49.98,high,medium,9,namecheap,,,09/09/2026 12:46
034f72ac-ed1b-4846-833a-f6529f29dada,bercy.christmas,available,34.99,34.99,medium,low,5,namesilo,,,23/09/2026 09:16
ca8f0219-894b-46e1-a585-51371017db8e,bookable.christmas,available,1.8,49.98,medium,low,8,namecheap,,,10/08/2026 19:04
c23844ff-d31f-4f02-a3a2-e5492f7e9b65,kenosha.christmas,available,1.24,31.16,medium,low,7,spaceship,,,29/09/2026 15:54
9a7bac35-291f-41ce-b736-ee8dc4cd9885,carew.christmas,available,1.24,31.16,medium,low,5,spaceship,,,30/09/2026 00:59
6d3659ec-70fd-4dfb-8646-7a9a091cb73a,mercantile.christmas,available,1.8,49.98,medium,low,10,namecheap,,,24/08/2026 20:23
b44ba125-922f-4bcc-9204-eadcb86a387f,twin.christmas,available,31.41,31.41,high,low,4,porkbun,,,28/09/2026 09:41
41c0b2a0-4b61-4f34-ad39-1cf6fd4ada6a,blowout.christmas,available,32.32,32.32,high,low,7,dynadot,,,27/09/2026 16:59
20df3fab-a1d1-4b80-aa06-6572a2470e26,cfr.christmas,available,30.2,30.2,medium,low,3,cloudflare,,,28/09/2026 11:55
d65dab79-768d-4642-9832-3dc87ad0df99,enforcement.christmas,available,1.24,31.16,medium,low,11,spaceship,,,28/09/2026 08:21
9e879231-524d-45cd-935c-b15e32eaa0ce,filler.christmas,available,1.24,31.16,medium,low,6,spaceship,,,30/09/2026 17:19
a0dd1fdd-26e6-406c-a758-26da5f5ad127,babylonia.christmas,available,34.99,34.99,high,low,9,namesilo,,,21/09/2026 13:51
89751fb3-83cf-44fe-92b3-d12da3943988,sadistic.christmas,available,1.8,49.98,high,medium,8,namecheap,,,09/09/2026 20:44
1d233177-0153-4a8e-b86a-4adc8a946720,peloponnese.christmas,available,1.24,31.16,medium,low,11,spaceship,,,02/10/2026 19:16
b133973c-5eba-4283-b7e9-03d7857e1b88,reckless.christmas,available,1.8,49.98,medium,low,8,namecheap,,,18/08/2026 10:33
3c28ec64-0648-411e-af0b-e93cb5f58000,romero.christmas,available,1.24,31.16,medium,low,6,spaceship,,,29/09/2026 21:33
4fca62df-820a-453f-8916-4ece1f0fc7ee,perm.christmas,available,1.8,49.98,high,low,4,namecheap,,,08/09/2026 17:34
b50dc8f9-5aa6-4ed6-a51c-972bc9d4f07c,sybil.christmas,available,34.99,34.99,high,low,5,namesilo,,,29/09/2026 14:56
2ffc69eb-ca5b-4c76-b62f-36c09b8263b7,beaten.christmas,available,1.8,49.98,medium,low,6,namecheap,,,09/08/2026 05:47
05885494-639b-4603-bced-1228a2de75f2,historian.christmas,available,34.99,34.99,high,low,9,namesilo,,,29/09/2026 13:03
9280f38e-5314-4be3-b605-fa2673704401,positions.christmas,available,1.8,49.98,medium,low,9,namecheap,,,19/09/2026 00:35
09371ec6-5676-4ccd-b6d0-19cf0e2bafc9,ptolemaic.christmas,available,1.8,49.98,medium,low,9,namecheap,,,09/09/2026 05:10
16835082-1e74-4b1f-82f3-f91685ecd6a0,silence.christmas,available,1.8,49.98,high,low,7,namecheap,,,26/09/2026 00:17
a2ae96a2-4fab-4e1d-8adc-6212b8a3aa4d,minerals.christmas,available,34.99,34.99,high,low,8,namesilo,,,30/09/2026 06:24
4884b1c1-0ac1-47b5-aafe-d0a3e0cf7e5a,mutative.christmas,available,1.8,49.98,medium,low,8,namecheap,,,03/09/2026 11:48
086514eb-9303-47d9-b565-052e01603bd1,snakebird.christmas,available,34.99,34.99,medium,low,9,namesilo,,,19/09/2026 08:17
0ace6300-e3a7-431c-92e0-c4179282dfbb,erika.christmas,available,34.99,34.99,high,low,5,namesilo,,,02/10/2026 08:28
b1164760-7dba-4f03-a94a-dfd7cbc95189,frequencies.christmas,available,1.24,31.16,medium,low,11,spaceship,,,29/09/2026 10:28
8a6676a9-fced-4d39-b010-30ff4dedc934,cuddly.christmas,available,1.8,49.98,high,low,6,namecheap,,,13/08/2026 10:11
5445522c-c48b-4ab3-b5f7-5a9359c66e3e,aviation.christmas,available,34.99,34.99,high,low,8,namesilo,,,17/09/2026 22:43
0ada344a-553b-4e6f-96f7-f24350f267dd,encumbered.christmas,available,1.8,49.98,medium,low,10,namecheap,,,17/08/2026 00:40
a44d9397-c28f-46d9-8f69-46456675f3ca,rabbit.christmas,available,34.99,34.99,high,low,6,namesilo,,,25/09/2026 08:52
e2739882-f244-4197-b33c-e4e571f7547b,keokuk.christmas,available,1.24,31.16,medium,low,6,spaceship,,,01/10/2026 20:13
890df110-320d-4a38-9b0c-446c783b6d9e,mulish.christmas,available,1.8,49.98,low,low,6,namecheap,,,21/08/2026 00:45
a1afc88e-fe30-49f1-b6ae-dad5c029958f,maxwell.christmas,available,30.2,30.2,high,low,7,cloudflare,,,28/09/2026 06:04
f6559bb3-a5be-4a21-88b6-cc325eee92dc,killers.christmas,available,34.99,34.99,medium,low,7,namesilo,,,27/09/2026 11:04
1ff09b4c-0601-4447-a0dc-79de687e6970,dont.christmas,available,34.99,34.99,low,low,4,namesilo,,,17/09/2026 00:37
0dd56a29-78dc-4de0-b199-9d2c676869e8,has.christmas,available,34.99,34.99,high,low,3,namesilo,,,
7a82f3b5-a570-4004-aae6-00897509e89b,coyotes.christmas,available,32.32,32.32,medium,low,7,dynadot,,,30/09/2026 07:28
3fcf2aaf-3799-4aa9-ac14-01b72a45170e,combines.christmas,available,34.99,34.99,medium,low,8,namesilo,,,02/10/2026 02:48
9189cb92-03b8-4f2e-88ac-55e40022669c,pregnancy.christmas,available,1.99,64.99,high,low,9,godaddy,,,28/09/2026 02:22
9dc851f4-32a8-4cad-b2dd-9fc097572740,mantrap.christmas,available,1.8,49.98,medium,low,7,namecheap,,,22/08/2026 16:50
607b07f2-8817-489b-9bbc-6acb60f62b24,apace.christmas,available,1.8,49.98,medium,low,5,namecheap,,,13/09/2026 20:22
c521cf35-6db6-44c3-a10d-5158e663e691,ackerman.christmas,available,30.2,30.2,medium,low,8,cloudflare,,,28/09/2026 18:14
d71ec327-c7c1-4ba1-8578-e04a346f733b,blanket.christmas,available,1.8,49.98,high,low,7,namecheap,,,08/09/2026 07:17
f71f3bea-9714-4508-a380-643bb8f046dc,treble.christmas,available,1.8,49.98,high,low,6,namecheap,,,14/08/2026 16:41
2c265cd5-9880-4992-b3b4-ba8f10c92a4f,alston.christmas,available,34.99,34.99,medium,low,6,namesilo,,,29/09/2026 15:32
e71158a0-4ddf-43e1-8cd8-0ac36c90a133,decolor.christmas,available,49.99,61.99,medium,low,7,name.com,,,24/09/2026 05:10
5a8a418f-a94f-487b-9aba-2e1c7e5fbd58,portsmouth.christmas,available,1.8,49.98,high,low,10,namecheap,,,25/09/2026 10:02
4b7e96bb-c876-4191-bb72-41def3846af2,numerable.christmas,available,1.8,49.98,medium,low,9,namecheap,,,13/08/2026 03:32
1c9055dc-9f28-4dcb-9977-09c9c34df96c,mathematical.christmas,available,1.24,31.16,medium,low,12,spaceship,,,28/09/2026 21:06
7050f7ea-b8e2-4c76-88f4-8eb81ac46366,symphony.christmas,available,1.8,49.98,high,low,8,namecheap,,,08/09/2026 18:51
5caa8b3d-0353-4093-9f7e-b1bb05cfeb9b,cursive.christmas,available,1.8,49.98,high,low,7,namecheap,,,13/08/2026 11:36
f6e1ceaa-0022-45e5-9107-afbe31ee5fdf,filetypes.christmas,available,1.8,49.98,low,low,9,namecheap,,,20/09/2026 01:57
882e3e18-5343-4b47-b874-6010b755ffb3,sulu.christmas,available,31.41,31.41,high,low,4,porkbun,,,30/09/2026 20:01
f28ca883-70c9-4f4f-8a36-0bb06254ea8c,bessarabia.christmas,available,30.2,30.2,medium,low,10,cloudflare,,,30/09/2026 21:27
ae4a8b56-f70a-4d4a-9504-df533002e728,tho.christmas,available,32.32,32.32,medium,low,3,dynadot,,,30/09/2026 13:15
04e7a0f1-7e01-4de3-b267-16ec826b9dc1,rowing.christmas,available,30.2,30.2,high,low,6,cloudflare,,,29/09/2026 20:14
71a512a8-1f70-4bea-9434-126649191feb,andira.christmas,available,34.99,34.99,medium,low,6,namesilo,,,19/09/2026 04:05
161bf6e5-3c3f-466c-8e62-d6c8480be212,chevron.christmas,premium,2660,2660,high,low,7,namesilo,,,24/09/2026 14:21
54796915-d898-4b22-aa7b-6d8277e794e9,bestiary.christmas,available,34.99,34.99,medium,low,8,namesilo,,,23/09/2026 10:36
d27fd66a-e5eb-4c05-bafe-365395fb18ba,formative.christmas,available,1.8,49.98,high,low,9,namecheap,,,18/08/2026 12:07
6f9a7721-2b5d-4be7-9d21-581fbfd5f660,madeline.christmas,available,34.99,34.99,high,low,8,namesilo,,,29/09/2026 03:55
13a943ba-6381-4702-9734-a433b72a8076,eustace.christmas,available,30.2,30.2,medium,low,7,cloudflare,,,29/09/2026 15:27
55e6db35-b0fb-4ae0-af7e-56f7dd44ae00,joint.christmas,premium,2660,2660,high,low,5,namesilo,,,22/09/2026 08:50
2d931961-249e-4516-bed4-6086285a6b55,ransomed.christmas,available,1.8,49.98,high,medium,8,namecheap,,,09/09/2026 10:17
c409ca84-cb3f-4399-9c1c-fc9cc8e1adc1,edified.christmas,available,1.8,49.98,medium,low,7,namecheap,,,15/08/2026 09:32
f266d251-2c77-46f0-8e01-15e08de8f329,polygon.christmas,premium,2200,2200,high,low,7,dynadot,,,30/09/2026 07:11
7c06e326-2c25-4af5-b170-58f7590d33d6,preventive.christmas,available,49.99,61.99,high,low,10,name.com,,,23/09/2026 22:24
3ed43007-48c3-4ab1-b7f5-3d078a108087,candied.christmas,available,1.8,49.98,medium,low,7,namecheap,,,11/08/2026 16:48
6f86aceb-d14c-410c-a691-59ffa5635c18,bjs.christmas,available,34.99,34.99,medium,low,3,namesilo,,,23/09/2026 23:25
bbe8eb90-ceac-4ce1-93ef-27ce0c68b3c1,multiflora.christmas,available,34.99,34.99,high,low,10,namesilo,,,21/09/2026 13:38
104f1e53-1c32-4f69-923e-bce1a5f3aeef,torch.christmas,available,31.41,31.41,high,low,5,porkbun,,,28/09/2026 16:58
d1fdbb21-34b5-4b09-8677-5ef0bcc42691,honesty.christmas,available,34.99,34.99,high,low,7,namesilo,,,28/09/2026 06:00
720e2a90-4b5c-4654-bdef-7ab5c581a2d7,resultant.christmas,available,1.8,49.98,high,low,9,namecheap,,,
4d46ac43-cee2-4879-ba44-5d8d3dc890c1,ooo.christmas,available,31.41,31.41,high,medium,3,porkbun,,,02/10/2026 03:15
789c3881-75a0-4f87-9011-bb142cb080e7,macedon.christmas,available,34.99,34.99,high,low,7,namesilo,,,30/09/2026 10:30
c6fe1db5-cc4d-41af-a6bd-72d7ee2adaeb,facilities.christmas,available,1.8,49.98,high,low,10,namecheap,,,01/10/2026 18:10
5155ac6a-d99e-4dee-8828-7332dd99e8cb,studious.christmas,available,1.8,49.98,high,low,8,namecheap,,,10/08/2026 19:10
1141cd3a-5237-46ff-a7ae-25c7959fdc73,wilmington.christmas,available,34.99,34.99,high,low,10,namesilo,,,25/09/2026 11:01
a75d5abd-a239-4090-b16e-2d3117cb6d6c,jacks.christmas,available,32.32,32.32,high,low,5,dynadot,,,30/09/2026 00:29
0fb1bd4a-98c7-40a3-b155-3fa4e0773dfc,fulton.christmas,available,34.99,34.99,high,low,6,namesilo,,,25/09/2026 06:12
c02ddf40-af33-4b05-aea7-439b1c07677a,neva.christmas,available,1.24,31.16,high,low,4,spaceship,,,30/09/2026 18:10
e290301a-46e5-4975-b715-105d14d616c1,malar.christmas,available,1.8,49.98,medium,low,5,namecheap,,,13/09/2026 15:43
30c983bb-954d-4121-95d4-0c0242729b43,antalya.christmas,available,34.99,34.99,high,low,7,namesilo,,,17/09/2026 06:10
73c08aff-c5e5-417c-8c3f-ceec266e21e0,footnote.christmas,available,1.24,31.16,high,low,8,spaceship,,,02/10/2026 15:12
b53afb76-f537-4c19-8b21-075b23b7c6e1,concerning.christmas,available,31.41,31.41,high,low,10,porkbun,,,28/09/2026 03:24
76485c10-3514-4c8e-a4a5-e158d50a7502,unkindly.christmas,available,1.8,49.98,medium,low,8,namecheap,,,12/09/2026 14:15
7a16f9b2-2ac1-410a-bea0-b1f38fdac38f,albescent.christmas,available,1.8,49.98,medium,low,9,namecheap,,,
f0155156-a0bf-4169-a05e-d08c82a7ff62,spawned.christmas,available,1.24,31.16,medium,low,7,spaceship,,,02/10/2026 14:09
7a431de4-c57c-45dc-906f-1a1c5bb263d0,ruffle.christmas,available,1.8,49.98,high,low,6,namecheap,,,11/09/2026 05:07
c6628cab-37eb-47a9-9455-a975230613c7,tormented.christmas,available,1.8,49.98,medium,low,9,namecheap,,,
3d8f8715-4481-4557-8b29-664b9909c303,shaken.christmas,available,1.8,49.98,high,low,6,namecheap,,,10/09/2026 05:44
f8a76cbb-e2b7-48c5-8a32-a2227e9dbaa8,copious.christmas,available,1.8,49.98,high,low,7,namecheap,,,13/08/2026 00:28
6d40f199-6bf9-4359-895c-a1692d598584,frisbee.christmas,available,34.99,34.99,high,low,7,namesilo,,,03/10/2026 00:50
3200746d-4072-4740-bdf3-7745fab5882f,stubbornly.christmas,available,1.8,49.98,medium,low,10,namecheap,,,14/09/2026 10:12
db1d3154-0177-4e8c-bb36-8f4b342293da,ascap.christmas,available,32.32,32.32,medium,low,5,dynadot,,,30/09/2026 05:41
963cb663-adf4-46ab-81a7-bbc94c9c5cd4,gave.christmas,available,34.99,34.99,medium,low,4,namesilo,,,
2fe9adc6-d98e-47b1-9641-9bd1b032673b,mood.christmas,available,1.24,31.16,high,low,4,spaceship,,,29/09/2026 23:23
5526ad06-7b3d-4f29-a26b-f2db3370923b,rna.christmas,available,34.99,34.99,high,low,3,namesilo,,,25/09/2026 10:20
eb1b7307-1c3f-49d9-aef3-e003ca1de7be,openings.christmas,available,1.8,49.98,medium,low,8,namecheap,,,20/09/2026 17:50
f2a03d2f-718e-45f8-8c83-b200481591f1,fiasco.christmas,available,1.24,31.16,medium,low,6,spaceship,,,02/10/2026 14:49
541de8a8-6441-4f1f-8e3d-2141fb2c9c64,matty.christmas,available,30.2,30.2,medium,low,5,cloudflare,,,01/10/2026 23:18
28a4314c-5ec7-46df-be0c-70844b5c1843,aztec.christmas,available,34.99,34.99,high,low,5,namesilo,,,21/09/2026 11:36
b7f1db88-3e49-4acd-90a8-b4c6429152bf,trumpets.christmas,available,34.99,34.99,high,low,8,namesilo,,,02/10/2026 05:22
b62457b5-6635-4a2d-893d-8ec7021b5c90,compositae.christmas,available,34.99,34.99,medium,low,10,namesilo,,,20/09/2026 17:02
d071d986-ca29-4b0d-92e0-1cdd39777487,carbonara.christmas,available,34.99,34.99,high,low,9,namesilo,,,24/09/2026 12:46
6505ba1d-989f-4ae9-9d44-6c344117ce46,muhammad.christmas,available,1.8,49.98,medium,low,8,namecheap,,,28/09/2026 13:59
ca9eb736-4648-403d-863d-2f270aef41dc,conceit.christmas,available,34.99,34.99,medium,low,7,namesilo,,,18/09/2026 22:51
0f69a6f0-c9b8-44c5-8b01-0b532d69f4c8,fiddle.christmas,available,34.99,34.99,high,low,6,namesilo,,,29/09/2026 00:55
e212e89b-ece6-4add-94e1-a46910700fc8,aerobics.christmas,available,34.99,34.99,high,low,8,namesilo,,,17/09/2026 12:56
f5675a98-1f36-4421-8176-947d3e55497a,sumptuary.christmas,available,1.8,49.98,medium,low,9,namecheap,,,11/09/2026 01:40
888afe3b-a4e8-4b8d-adc3-8cf193ed61f3,albumen.christmas,available,49.99,61.99,high,low,7,name.com,,,18/09/2026 03:31
654b5a2f-cc0c-48e3-ab7b-7a9d3b61c199,atacama.christmas,available,34.99,34.99,medium,low,7,namesilo,,,02/10/2026 13:31
acc8d891-22b8-4b60-af0b-fc2594d914ca,mhc.christmas,available,31.41,31.41,high,low,3,porkbun,,,29/09/2026 15:02
912d4d2d-ba7c-4f0c-a1f7-2b612f0fe969,patents.christmas,available,34.99,34.99,medium,low,7,namesilo,,,01/10/2026 00:20
bf8b8218-01f5-43be-8117-e4be476dffe8,amylase.christmas,available,1.8,49.98,medium,low,7,namecheap,,,19/09/2026 00:30
8183275e-2a68-49e0-aae1-e31e1304b5a3,viewers.christmas,available,30.2,30.2,medium,low,7,cloudflare,,,28/09/2026 20:41
515d807c-4f07-412b-83fc-151db3cf24d8,vichy.christmas,available,30.2,30.2,high,low,5,cloudflare,,,02/10/2026 17:07
0efad813-708c-4595-8537-49c385d144ca,eagre.christmas,available,1.8,49.98,medium,low,5,namecheap,,,14/08/2026 22:16
7843d2b9-8f3a-4bec-b576-512ec754558f,missile.christmas,available,34.99,34.99,high,low,7,namesilo,,,27/09/2026 07:17
20c64172-d433-424b-9ac1-f5e0cfe22097,incomplete.christmas,available,1.8,49.98,high,low,10,namecheap,,,22/08/2026 01:53
c7640af3-4cd3-48c1-b7bf-673ea6aa45fc,plummet.christmas,available,1.8,49.98,medium,low,7,namecheap,,,08/09/2026 21:42
1a4c71b3-b846-41db-a61f-ac8f5b2cba5b,caught.christmas,available,34.99,34.99,high,low,6,namesilo,,,
684678fb-bc4c-41b2-a16e-0af2ac8f3d63,ambient.christmas,available,1.8,49.98,high,low,7,namecheap,,,
7e4885a1-e673-43c3-82b8-a6eafd25ab4c,advocacy.christmas,available,1.8,49.98,high,low,8,namecheap,,,17/09/2026 11:40
14623f14-138d-45ce-b67e-b9d9a0af3795,controversial.christmas,available,1.24,31.16,medium,low,13,spaceship,,,01/10/2026 04:00
df60dc55-3906-4f8c-9631-cd349b16714d,joey.christmas,available,1.8,49.98,high,low,4,namecheap,,,25/09/2026 11:16
a563cac6-d662-4d75-a798-994b48a6b386,neighbours.christmas,available,34.99,34.99,medium,low,10,namesilo,,,18/09/2026 07:42
44f764f5-a5aa-4c5c-9d06-759e2674d731,oleaceous.christmas,available,1.8,49.98,medium,low,9,namecheap,,,04/09/2026 02:06
fb9de230-49ff-43c8-871c-cd70f51f06fd,gifted.christmas,available,1.8,49.98,high,low,6,namecheap,,,18/08/2026 23:27
b6dc2669-2e6d-427f-866d-7ea7e42f2dc3,dressing.christmas,available,34.99,34.99,high,low,8,namesilo,,,22/09/2026 00:55
02486197-6bfc-40c9-b894-8492baf5ef3e,elsa.christmas,available,1.24,31.16,high,low,4,spaceship,,,28/09/2026 08:37
1f5a917c-1b06-4754-8df7-885b4c6ce1f7,earnestly.christmas,available,1.8,49.98,medium,low,9,namecheap,,,14/09/2026 14:58
15a9d863-9aa0-438f-9d89-7112b75db82b,fling.christmas,available,34.99,34.99,high,low,5,namesilo,,,29/09/2026 15:22
d831efc6-16b3-46b9-9735-cbf43f5b62d4,gettysburg.christmas,available,34.99,34.99,medium,low,10,namesilo,,,22/09/2026 15:05
11c4d5a6-d219-483e-a409-a82422d90224,ranted.christmas,available,34.99,34.99,low,low,6,namesilo,,,20/09/2026 16:55
a784a9db-db9f-4f79-b493-50b299b2650f,irritate.christmas,available,34.99,34.99,medium,low,8,namesilo,,,29/09/2026 14:40
7b8380f5-6bb7-4a16-bced-2e24d20c24cb,degraded.christmas,available,49.99,61.99,medium,low,8,name.com,,,13/08/2026 20:17
184f0d6f-e04b-4ab7-a018-94594ad63437,brief.christmas,available,1.8,49.98,high,low,5,namecheap,,,21/09/2026 13:42
0b7c2405-c713-4045-b310-e0081767d9b5,nettie.christmas,available,32.32,32.32,high,low,6,dynadot,,,02/10/2026 07:37
f9235ee6-7936-4cc6-b95d-62e92af5af5d,foil.christmas,available,1.8,49.98,high,low,4,namecheap,,,09/09/2026 08:18
89065b6e-d0b7-4677-8f60-1f2fc80437da,sars.christmas,available,30.2,30.2,medium,low,4,cloudflare,,,29/09/2026 20:17
15929e2e-6fe9-4c07-94b4-4b2f239c3625,scriabin.christmas,available,34.99,34.99,high,low,8,namesilo,,,18/09/2026 05:07
bf907ff4-dbb7-49b2-a901-b56f4b908832,walkabout.christmas,available,1.24,31.16,high,low,10,spaceship,,,02/10/2026 18:03
200a6be1-50b5-47e9-825a-a7f34f917651,zoological.christmas,available,1.8,49.98,high,low,10,namecheap,,,13/09/2026 15:33
37505be8-e8eb-4f10-9289-52142f120b1c,stab.christmas,available,30.2,30.2,high,low,4,cloudflare,,,28/09/2026 02:12
56c577ba-d560-4d62-b69e-377d19726c3d,discs.christmas,available,1.24,31.16,medium,low,5,spaceship,,,30/09/2026 23:56
07d07ce5-f82d-4440-a792-242141bc691b,anyplace.christmas,available,1.8,49.98,medium,low,8,namecheap,,,13/09/2026 20:15
9faab681-c234-4a06-a5d4-809fe8e347b7,analyte.christmas,available,1.24,31.16,medium,low,7,spaceship,,,02/10/2026 18:04
c552ff9d-db53-4a80-90df-a376e0a7e648,floating.christmas,available,1.8,49.98,high,low,8,namecheap,,,14/08/2026 19:14
e6fabee8-abdc-437d-bee8-74e97dc0c139,vitalizing.christmas,available,1.8,49.98,medium,low,10,namecheap,,,23/08/2026 01:35
6c377194-fef1-483e-b33f-9481ed777c75,vga.christmas,available,1.8,49.98,high,low,3,namecheap,,,02/10/2026 19:59
43938ff4-20ef-47f6-b440-57c9a98539e8,generates.christmas,available,1.8,49.98,medium,low,9,namecheap,,,08/09/2026 05:16
9603a638-5e54-4cb2-9c67-1ebf09d3664b,edentulous.christmas,available,1.8,49.98,medium,low,10,namecheap,,,15/08/2026 08:36
c69deb89-9f46-475e-8235-5d0120f8a3a1,defaults.christmas,available,34.99,34.99,low,low,8,namesilo,,,21/09/2026 07:23
b8cd99e1-88b7-4de5-aa57-67e77b184e8f,ampule.christmas,available,34.99,34.99,medium,low,6,namesilo,,,18/09/2026 23:48
b45a64db-be07-4d7f-a8bf-633c56a72648,training.christmas,available,30.2,30.2,high,low,8,cloudflare,,,29/09/2026 06:10
ad3353d0-bcaf-41da-aaae-3e75ef5b5af4,cox.christmas,available,34.99,34.99,high,low,3,namesilo,,,03/10/2026 00:19
c7ad790a-d769-4600-95ac-f479d19e393c,sealing.christmas,available,32.32,32.32,high,low,7,dynadot,,,30/09/2026 18:36
40c5ac03-ea08-4858-bf1b-644259759202,belongs.christmas,available,1.8,49.98,medium,low,7,namecheap,,,25/09/2026 20:38
ebc8d9bb-bb2f-4d43-bb09-1b5485cf3392,jaundice.christmas,available,34.99,34.99,medium,low,8,namesilo,,,17/09/2026 03:10
c92fdc8e-3f8d-4249-b835-3975e77be6c5,redlands.christmas,available,34.99,34.99,high,low,8,namesilo,,,01/10/2026 12:23
3114713b-39b6-49e7-9c29-7a6d9ff7f7fb,acentric.christmas,available,1.8,49.98,medium,low,8,namecheap,,,
d9320a9b-8e38-4bc5-aa83-9586c18b3630,sent.christmas,available,34.99,34.99,high,low,4,namesilo,,,19/09/2026 16:10
32ca8c02-80ab-43d1-b6ca-d488ef77f1fa,blabby.christmas,available,1.8,49.98,low,low,6,namecheap,,,09/08/2026 21:03
2d7ddfce-9767-4f8f-bf90-9d0f5526d9cb,synthesized.christmas,available,1.8,49.98,medium,low,11,namecheap,,,17/09/2026 19:35
2487d0c6-da3e-4fdf-b929-434114de0e51,aengus.christmas,available,1.8,49.98,medium,low,6,namecheap,,,17/09/2026 12:29
3d12f053-ee7d-44d0-812c-f956377963f2,booster.christmas,available,34.99,34.99,high,low,7,namesilo,,,17/09/2026 08:57
1efc3775-51ee-449f-ad52-2112b407d64c,spokesperson.christmas,available,31.41,31.41,high,low,12,porkbun,,,30/09/2026 14:32
200d91f3-6f38-48d6-b442-fc63bbca94b2,democrat.christmas,available,1.8,49.98,high,low,8,namecheap,,,29/09/2026 13:56
3dc59a52-646b-4385-ba06-6f3543cc8312,imposing.christmas,available,1.8,49.98,high,low,8,namecheap,,,08/08/2026 20:16
1ffae9b9-1b7c-4f00-af25-3885906ae7db,declining.christmas,available,1.24,31.16,medium,low,9,spaceship,,,01/10/2026 21:27
e47b12c2-a68a-4fb3-8271-272023fb9de7,bruton.christmas,premium,2070.2,2070.2,medium,low,6,spaceship,,,02/10/2026 10:28
add45d43-5b1f-4621-841b-b70f4a02da83,dude.christmas,available,49.99,61.99,high,low,4,name.com,,,13/08/2026 17:07
cbeee3df-fef3-4efa-9c38-574130c685cf,sender.christmas,available,34.99,34.99,high,low,6,namesilo,,,02/10/2026 16:44
0962906f-8fc1-4367-a814-8fb4bde81819,impossibility.christmas,available,1.8,49.98,medium,low,13,namecheap,,,30/09/2026 23:16
b7bafff2-8aa1-4c8b-ae56-96c73ffed1de,proteins.christmas,available,1.8,49.98,medium,low,8,namecheap,,,08/09/2026 07:13
69a55d4e-615d-4a22-9363-f2f4b3dce66f,polymer.christmas,available,1.8,49.98,high,low,7,namecheap,,,02/10/2026 06:07
8bc1eb5c-5756-46c7-a47b-73265f6fd752,anticipant.christmas,available,1.8,49.98,medium,low,10,namecheap,,,
f3e4180b-c02f-41c5-8f64-4b1f0e875da0,goh.christmas,available,30.2,30.2,medium,low,3,cloudflare,,,02/10/2026 18:56
c4310d67-52f2-47c2-847c-755d377be6f2,antenna.christmas,available,30.2,30.2,high,low,7,cloudflare,,,28/09/2026 21:39
0e285f91-3d35-42c5-aa6c-de4325b18c66,readily.christmas,available,1.8,49.98,medium,low,7,namecheap,,,15/09/2026 21:42
fd528c64-aa6a-4573-aae8-b457f285943b,southerly.christmas,available,1.8,49.98,high,medium,9,namecheap,,,10/09/2026 14:51
d3484949-70ed-4174-aaf8-0beb56b39a1f,marissa.christmas,available,1.24,31.16,high,low,7,spaceship,,,02/10/2026 19:27
d5c00f1b-ff2c-4d48-a900-643a30035a49,ardently.christmas,available,1.8,49.98,medium,low,8,namecheap,,,13/09/2026 20:41
8da86971-f842-4da0-b198-34b781fb35f4,strangers.christmas,available,1.8,49.98,medium,low,9,namecheap,,,
885de207-488e-44de-b4ec-9bf76f90dbee,pear.christmas,available,1.8,49.98,high,low,4,namecheap,,,29/09/2026 19:55
25a9176e-1475-41bb-b8bb-fa802f44debb,regulations.christmas,available,30.2,30.2,medium,low,11,cloudflare,,,28/09/2026 04:25
9acb5362-0aca-44bc-a421-f2980ce726f4,crumbs.christmas,available,1.24,31.16,high,low,6,spaceship,,,02/10/2026 17:51
55ddba35-33ee-4939-81e7-97f06f190727,acclaimed.christmas,available,34.99,34.99,high,low,9,namesilo,,,02/10/2026 17:25
0fca61f1-5a5f-4a2e-85cd-eada0e757832,antenatal.christmas,available,34.99,34.99,medium,low,9,namesilo,,,22/09/2026 05:59
36b97f04-824e-4adc-b9ab-bf08f45aa0af,push.christmas,premium,2183.84,2183.84,high,medium,4,porkbun,,,29/09/2026 12:15
3fb0e66c-e019-4f7f-9270-43eb0ca54a88,punctual.christmas,available,1.8,49.98,high,medium,8,namecheap,,,09/09/2026 05:58
b1316554-a315-4240-8f26-7c53a2b84bf9,lima.christmas,available,32.32,32.32,high,low,4,dynadot,,,02/10/2026 23:50
84bc011d-2887-4f87-93c2-cb6d2d954827,supernatural.christmas,available,1.8,49.98,high,low,12,namecheap,,,30/09/2026 23:38
fa08446e-3761-4e4d-9789-cdf44fa0b603,jonah.christmas,available,34.99,34.99,high,low,5,namesilo,,,24/09/2026 06:55
5c2b8ba3-4232-4384-99a6-e9fc49562979,eli.christmas,available,30.2,30.2,high,low,3,cloudflare,,,27/09/2026 18:02
59202a3b-0e79-48ff-9917-b19980f38705,execrable.christmas,available,1.8,49.98,medium,low,9,namecheap,,,
b174ffd0-2d1c-4b2a-9c46-17ad732b7f69,acquiring.christmas,available,34.99,34.99,high,low,9,namesilo,,,17/09/2026 02:42
9c6ece98-ae6e-4aff-8db0-b0f2e243e42d,ebook.christmas,available,1.24,31.16,high,low,6,spaceship,,,01/10/2026 04:46
e85ef3f9-a9b6-462b-8231-c4b2d569f5c3,restful.christmas,available,1.8,49.98,high,low,7,namecheap,,,09/09/2026 13:26
4ba4c028-2122-4461-85b9-c17c1092ff55,patsy.christmas,available,31.41,31.41,medium,low,5,porkbun,,,02/10/2026 14:38
9c37bb55-1b91-43e5-92fb-bff9408ba044,beijing.christmas,available,34.99,34.99,high,low,7,namesilo,,,23/09/2026 04:10
03ece820-3358-4f83-8c6a-4ac39c0394ec,hominid.christmas,available,1.8,49.98,medium,low,7,namecheap,,,21/08/2026 12:39
9d665b1d-78ee-4192-b4e2-d2ebdf9954c9,scorpion.christmas,available,1.24,31.16,high,low,8,spaceship,,,30/09/2026 02:48
e0d58c9a-1d29-4596-9a5d-fcdde11144dd,devout.christmas,available,1.8,49.98,high,low,6,namecheap,,,14/08/2026 05:17
1cdfac07-15b7-48f2-8455-ac3a5fc53c27,untainted.christmas,available,1.8,49.98,medium,low,9,namecheap,,,10/09/2026 18:22
92afbd24-a70c-4afd-b770-489728671953,fortify.christmas,available,34.99,34.99,high,low,7,namesilo,,,20/09/2026 06:18
2a6fe878-e9f8-47f9-9b08-f51227a2d67a,desolation.christmas,available,34.99,34.99,medium,low,10,namesilo,,,22/09/2026 05:24
7ad95535-899f-4f67-bfe9-77cc8b704ed7,accuracy.christmas,available,34.99,34.99,high,low,8,namesilo,,,16/09/2026 23:21
332c92d3-bc77-4743-b88a-a7bab1c75cf5,identities.christmas,available,30.2,30.2,medium,low,10,cloudflare,,,29/09/2026 17:14
bf7c5a83-d2e0-40f9-a2f8-ee2740f25bdd,videos.christmas,premium,2660,2660,medium,low,6,namesilo,,,02/10/2026 23:36
0d48caf5-c040-4f7e-a142-b99201e3a31c,specially.christmas,available,1.24,31.16,medium,low,9,spaceship,,,28/09/2026 14:42
af1cd8d7-48b8-404a-bbd4-22089afc3040,actually.christmas,available,1.24,31.16,high,low,8,spaceship,,,28/09/2026 11:45
1f1a8784-0037-450e-957e-c3bb67c9d94d,warburg.christmas,available,34.99,34.99,medium,low,7,namesilo,,,16/09/2026 19:40
ff05b80e-d02f-487d-911b-fd02b3ef2bbf,fellowship.christmas,available,34.99,34.99,high,low,10,namesilo,,,28/09/2026 09:26
92f5a5fa-a54b-4d2e-8ad7-2d3fc6951848,migrating.christmas,available,30.2,30.2,medium,low,9,cloudflare,,,02/10/2026 21:52
4daf6809-4142-4d2f-8507-656c55a33b3c,aluminium.christmas,available,1.8,49.98,high,low,9,namecheap,,,18/09/2026 00:20
ada496b4-9023-485a-b274-0d9004220e20,powerful.christmas,available,34.99,34.99,high,low,8,namesilo,,,23/09/2026 09:23
8e07f052-0349-4479-a924-fa55924217f6,hath.christmas,available,34.99,34.99,medium,low,4,namesilo,,,01/10/2026 14:19
4bfabcfb-1431-4140-b2a2-3db5b0eae7ac,westinghouse.christmas,available,1.24,31.16,high,high,12,spaceship,,,02/10/2026 20:50
9139219c-5ddf-41b7-83f4-77ee57821c97,broadway.christmas,available,34.99,34.99,high,low,8,namesilo,,,24/09/2026 10:38
39f5c8f0-5e20-4cc8-8ce3-bb079705b21f,araucaria.christmas,available,49.99,61.99,medium,low,9,name.com,,,20/09/2026 00:23
42c41226-c4e2-467e-9570-6dc98dedb132,norman.christmas,available,1.8,49.98,high,low,6,namecheap,,,03/09/2026 21:18
eee395e5-5099-40b3-a613-70861e2d31e5,inquiring.christmas,available,1.8,49.98,high,low,9,namecheap,,,22/08/2026 06:19
b222df6d-ab8a-40a9-bc5f-70dd76bda96f,alchemical.christmas,available,1.8,49.98,high,low,10,namecheap,,,
96f82692-aa39-4a35-9be2-0f99b50bbd8e,velocities.christmas,available,1.8,49.98,medium,low,10,namecheap,,,18/09/2026 19:40
75c5b6b7-8d8a-47ff-9d27-5a1c3d11efc9,impending.christmas,available,1.8,49.98,high,low,9,namecheap,,,21/08/2026 20:59
e684bef2-adb8-4bb4-863a-d260cb68c912,likeable.christmas,available,1.8,49.98,high,low,8,namecheap,,,23/08/2026 06:11
6cbaa2fa-97da-45a3-8bde-931ce74ba618,sha.christmas,available,31.41,31.41,high,low,3,porkbun,,,30/09/2026 12:20
27443989-5fe6-43c7-8fe6-98e20103e4f9,mpc.christmas,available,34.99,34.99,high,low,3,namesilo,,,30/09/2026 22:14
ee53eea4-6103-4572-b3a9-6b0fe5210e4a,phobia.christmas,available,34.99,34.99,medium,low,6,namesilo,,,02/10/2026 06:05
e34bcd70-0c7c-4f97-8b73-34c992e409fb,marjorie.christmas,available,34.99,34.99,medium,low,8,namesilo,,,29/09/2026 04:00
bdc56ff3-f724-4963-b36b-8a308f11d910,busiest.christmas,available,1.24,31.16,medium,low,7,spaceship,,,02/10/2026 03:59
26086803-295f-4293-9b5f-a87238e3b135,responder.christmas,available,34.99,34.99,high,low,9,namesilo,,,19/09/2026 12:12
f7623f7b-0260-4ed6-84bb-90c7fc7c6085,deduct.christmas,available,34.99,34.99,high,low,6,namesilo,,,02/10/2026 06:42
411f7ef3-9413-44e9-9447-f7d36e1d84df,jest.christmas,available,34.99,34.99,high,low,4,namesilo,,,01/10/2026 19:41
2c05e457-4aaa-4260-adce-13cab25dcabf,reacting.christmas,available,34.99,34.99,medium,low,8,namesilo,,,30/09/2026 15:00
2abd1661-a6d2-445d-8f08-b76d17379aed,premier.christmas,premium,2660,2660,high,low,7,namesilo,,,27/09/2026 04:55
e3c2549f-2e76-449b-8e92-3afe82181ee2,whereas.christmas,available,34.99,34.99,high,low,7,namesilo,,,01/10/2026 00:02
ea97fdb5-288b-441d-82b8-7e2c8465b2c5,motorist.christmas,available,34.99,34.99,high,low,8,namesilo,,,21/09/2026 07:26
6b2db5b7-68d4-4037-80f8-f11ff361f16d,typo.christmas,available,1.8,49.98,high,low,4,namecheap,,,24/08/2026 07:23
e6a69a91-6aa0-4666-9c5f-1ad6afa88dc2,sinister.christmas,available,1.8,49.98,medium,low,8,namecheap,,,24/08/2026 20:02
8fd770dd-c8c3-4d21-8b6f-97efbdbf9a1c,mrna.christmas,available,34.99,34.99,high,low,4,namesilo,,,25/09/2026 23:11
d74aef9e-1ac4-425d-b2af-3394afcd22ba,chests.christmas,available,32.32,32.32,medium,low,6,dynadot,,,02/10/2026 23:04
6409e94c-7879-496b-ad95-b87507328aab,acts.christmas,available,1.24,31.16,high,low,4,spaceship,,,28/09/2026 18:10
112f3787-69bf-48d6-b5a5-44850f6caba9,utilised.christmas,available,1.8,49.98,medium,low,8,namecheap,,,13/09/2026 00:07
be916800-d540-4c62-b786-59aa5d0b13f5,cme.christmas,available,34.99,34.99,high,low,3,namesilo,,,01/10/2026 23:50
bd465ad2-a30e-4312-8d1c-749adf47bded,zia.christmas,available,1.24,31.16,high,low,3,spaceship,,,30/09/2026 04:40
18e31af2-b5bb-42df-906a-17c2465a0df7,commander.christmas,available,34.99,34.99,high,low,9,namesilo,,,17/09/2026 22:14
23109e1a-9cd6-474e-b622-304bf95433ed,comically.christmas,available,1.8,49.98,medium,low,9,namecheap,,,14/09/2026 07:31
88a29c63-9e51-4364-9195-54ec5306b38c,stockings.christmas,premium,2600,2600,high,low,9,namecheap,,,17/09/2026 08:14
e43535e0-9f85-45a4-8585-13488156224e,burnish.christmas,available,1.8,49.98,high,low,7,namecheap,,,08/09/2026 23:02
35d7c9ed-b53a-41b6-8187-f444952ae50b,mastermind.christmas,available,1.24,31.16,high,low,10,spaceship,,,01/10/2026 18:48
36f7b339-1822-468f-b806-2873ff5db4ff,mainstream.christmas,available,30.2,30.2,high,low,10,cloudflare,,,29/09/2026 01:38
b1512836-c80d-4ed0-8d2f-9ab5be161139,apothegm.christmas,available,1.8,49.98,medium,low,8,namecheap,,,19/09/2026 17:10
f183c514-2be8-4e5c-be95-f5e23a572d0b,wino.christmas,available,1.8,49.98,medium,low,4,namecheap,,,14/08/2026 20:26
00b3fc61-d209-452d-a087-4e217c8cb683,vow.christmas,available,34.99,34.99,high,low,3,namesilo,,,28/09/2026 11:05
baf5a331-3210-40d7-a804-f3631914f408,phantasmal.christmas,available,1.8,49.98,medium,low,10,namecheap,,,06/08/2026 05:33
911c5901-c107-4fcf-b635-fc9c1ea9c269,barium.christmas,available,34.99,34.99,medium,low,6,namesilo,,,20/09/2026 23:19
2f421bce-8d64-4472-bf50-b0a9d07aa40f,weaponry.christmas,available,34.99,34.99,medium,low,8,namesilo,,,20/09/2026 07:43
0a0091e1-8fc7-4183-907e-31e27e80b1f8,childish.christmas,available,1.8,49.98,high,low,8,namecheap,,,12/08/2026 05:02
d6e88d71-f869-4041-8a09-aa787e8e109d,manned.christmas,available,1.8,49.98,high,low,6,namecheap,,,24/08/2026 15:16
d3f04701-68b0-4a94-b5dd-95136a5b9cae,opinions.christmas,available,34.99,34.99,medium,low,8,namesilo,,,17/09/2026 07:35
f4876b9c-d0db-4942-8f8e-0bb152ceb363,mixer.christmas,available,1.8,49.98,high,medium,5,namecheap,,,10/09/2026 13:09
409c7bfc-e055-4c49-8789-40325cb13f82,preeminent.christmas,available,1.8,49.98,high,medium,10,namecheap,,,09/09/2026 01:32
c5c98b60-a535-416a-89c5-6ba3b508afa5,anouilh.christmas,available,1.8,49.98,medium,low,7,namecheap,,,19/09/2026 11:52
51c1548b-b91d-47cb-9d2b-1d6897a1d325,explosion.christmas,available,34.99,34.99,medium,low,9,namesilo,,,25/09/2026 21:57
52650b86-3dde-4bdd-8025-7e179843ee10,redial.christmas,available,34.99,34.99,high,low,6,namesilo,,,16/09/2026 12:47
9c37a88a-7fbe-472b-b4c7-bd895a67bc3c,scaley.christmas,available,1.8,49.98,medium,low,6,namecheap,,,09/09/2026 22:18
04ccfca0-91f5-45c3-b221-7b1b3ddfe94f,curd.christmas,available,1.8,49.98,medium,low,4,namecheap,,,24/09/2026 20:24
65e40352-83ad-4fae-920a-c9a64225e991,estimated.christmas,available,34.99,34.99,medium,low,9,namesilo,,,17/09/2026 13:47
3d644418-5e4d-4e0f-87a4-2586edca901a,pentagon.christmas,available,34.99,34.99,high,low,8,namesilo,,,28/09/2026 06:34
c7a2cbef-cf58-492e-8b12-e6870457e51f,bernd.christmas,available,1.24,31.16,high,low,5,spaceship,,,01/10/2026 23:12
2ba66a4f-0d03-4034-8cc6-958b067d4f3d,homozygous.christmas,available,1.8,49.98,medium,low,10,namecheap,,,21/08/2026 13:12
86cb7b35-ea21-424a-8950-40e9456c639c,stoneless.christmas,available,1.8,49.98,low,low,9,namecheap,,,10/09/2026 21:12
bf0edec7-dd42-494f-a412-3d17c330e89b,congratulations.christmas,available,49.98,,high,low,15,namecheap,,,
142f6d1d-fb62-4001-9918-31a738fe891a,even.christmas,premium,2660,2660,high,medium,4,namesilo,,,19/09/2026 12:57
5d5cd16d-16e7-4854-8deb-fac492d3701b,azotic.christmas,available,1.8,49.98,medium,low,6,namecheap,,,08/08/2026 02:53
344d4422-6b87-4816-9ace-0f8f0a325224,likelihood.christmas,available,30.2,30.2,high,low,10,cloudflare,,,29/09/2026 01:35
abc0ba50-2032-429a-a6ee-0b045ce26a4c,stygian.christmas,available,1.8,49.98,medium,low,7,namecheap,,,
17f77a94-6254-4314-b2a9-08d0362e5e4e,alkahest.christmas,available,34.99,34.99,medium,low,8,namesilo,,,18/09/2026 03:42
1a8ca491-a706-414e-9460-8c797a4294cc,occult.christmas,available,1.8,49.98,high,low,6,namecheap,,,03/09/2026 12:26
5fcf63a3-c16f-4d38-bc01-6dbc2d91630e,kennel.christmas,available,1.24,31.16,high,low,6,spaceship,,,01/10/2026 19:15
e8259891-f821-488b-80b0-e0d0736b6f0c,placebo.christmas,available,1.24,31.16,high,low,7,spaceship,,,01/10/2026 21:17
71ba1061-a666-492d-9173-86bbdee575e4,angiogram.christmas,available,34.99,34.99,medium,low,9,namesilo,,,19/09/2026 06:13
714f7de1-4386-4e7e-ace0-cb4055497d74,narrowly.christmas,available,1.8,49.98,medium,low,8,namecheap,,,15/09/2026 16:08
276d0150-ed14-47f5-b61c-f68203951b29,quest.christmas,available,32.32,32.32,high,medium,5,dynadot,,,30/09/2026 08:55
58886139-e77a-40a2-bf56-37e3ca21d667,nick.christmas,available,34.99,34.99,high,medium,4,namesilo,,,28/09/2026 02:02
75235554-147a-45d5-80fd-6ae3bbfb382b,honduran.christmas,available,1.8,49.98,medium,low,8,namecheap,,,21/08/2026 13:17